1 bed,City_Rent,Type,State_Rent,Zip_code,Full_Address,Rent_link,Bath_Info,Square_Feet_Data,Square_Feet,Studio,2 beds,4 beds,3 beds,5 beds,10 beds,8 beds,7 beds,6 beds
2000.0,West Hollywood,Houses,CA,90069,"9018 Keith Ave West Hollywood, CA 90069",https://www.apartments.com/9018-keith-ave-west-hollywood-ca/872j9n0/,1 bath,"5,260 sq ft","5,260",,,,,,,,,
2195.0,West Hollywood,Houses,CA,90069,"9018 Keith Ave West Hollywood, CA 90069",https://www.apartments.com/9018-keith-ave-west-hollywood-ca/jebk397/,1 bath,"1,000 sq ft","1,000",,,,,,,,,
1920.0,West Hollywood,Houses,CA,90069,"9018 Keith Ave West Hollywood, CA 90069",https://www.apartments.com/9018-keith-ave-west-hollywood-ca/fstqz7t/,1 bath,800 sq ft,800,,,,,,,,,
2275.0,West Hollywood,Houses,CA,90069,"9018 Keith Ave West Hollywood, CA 90069",https://www.apartments.com/9018-keith-ave-west-hollywood-ca/6tqzw9v/,1 bath,750 sq ft,750,,,,,,,,,
,Santa Monica,Houses,CA,90401,"1538 11th St Santa Monica, CA 90401",https://www.apartments.com/1538-11th-st-santa-monica-ca/h3ql070/,1 bath,450 sq ft,450,1895.0,,,,,,,,
,St. Helena,Houses,CA,94574,"1445 Stockton St St. Helena, CA 94574",https://www.apartments.com/1445-stockton-st-st-helena-ca/gp8cfew/,2 baths,"1,292 sq ft","1,292",,7500.0,,,,,,,
,Santa Monica,Houses,CA,90402,"101 Ocean Ave Santa Monica, CA 90402",https://www.apartments.com/101-ocean-ave-santa-monica-ca/4qftqmk/,2 baths,"1,396 sq ft","1,396",,10500.0,,,,,,,
,Bakersfield,Houses,CA,93312,"4938 Shorebird Dr Bakersfield, CA 93312",https://www.apartments.com/4938-shorebird-dr-bakersfield-ca/ryk7le0/,2.75 baths,"2,067 sq ft","2,067",,,2400.0,,,,,,
,Bakersfield,Houses,CA,93304,"2240 Ming Ave Bakersfield, CA 93304",https://www.apartments.com/2240-ming-ave-bakersfield-ca/wjv8pnl/,3 baths,"2,300 sq ft","2,300",,,2800.0,,,,,,
,Santa Monica,Houses,CA,90403,"801 Ocean Ave Santa Monica, CA 90403",https://www.apartments.com/801-ocean-ave-santa-monica-ca/bnt9wv8/,3 baths,"1,772 sq ft","1,772",,8000.0,,,,,,,
,Marina del Rey,Houses,CA,90292,"4316 Marina City Dr Marina del Rey, CA 90292",https://www.apartments.com/4316-marina-city-dr-marina-del-rey-ca/bgh9qj9/,3 baths,"2,652 sq ft","2,652",,9500.0,,,,,,,
,Tracy,Houses,CA,95377,"262 Lasata Dr Tracy, CA 95377",https://www.apartments.com/262-lasata-dr-tracy-ca/f8jm46t/,2.5 baths,"2,476 sq ft","2,476",,,3500.0,,,,,,
,Lemoore,Houses,CA,93245,"1424 N Lemoore Ave Lemoore, CA 93245",https://www.apartments.com/1424-n-lemoore-ave-lemoore-ca/yft9t7r/,1 bath,"1,000 sq ft","1,000",,1050.0,,,,,,,
,Dinuba,Houses,CA,93618,"761 S Short Ave Dinuba, CA 93618",https://www.apartments.com/761-s-short-ave-dinuba-ca/shmsht7/,1 bath,889 sq ft,889,,1100.0,,,,,,,
,Sanger,Houses,CA,93657,"3214 S Leonard Ave Sanger, CA 93657",https://www.apartments.com/3214-s-leonard-ave-sanger-ca/ctkfzve/,2.5 baths,"2,000 sq ft","2,000",,,4000.0,,,,,,
,Fallbrook,Houses,CA,92028,"2445 Helen Rd Fallbrook, CA 92028",https://www.apartments.com/2445-helen-rd-fallbrook-ca/zqd0bxy/,2 baths,"1,604 sq ft","1,604",,,,3000.0,,,,,
,Bass Lake,Houses,CA,93604,"40506 Saddleback Rd Bass Lake, CA 93604",https://www.apartments.com/40506-saddleback-rd-bass-lake-ca/0e6w873/,1.5 baths,"1,130 sq ft","1,130",,1800.0,,,,,,,
,Copperopolis,Houses,CA,95228,"3782 Arrowhead St Copperopolis, CA 95228",https://www.apartments.com/3782-arrowhead-st-copperopolis-ca/0m4g9n0/,2.5 baths,"2,060 sq ft","2,060",,,,2900.0,,,,,
,San Miguel,Houses,CA,93451,"333 Ladrillos Way San Miguel, CA 93451",https://www.apartments.com/333-ladrillos-way-san-miguel-ca/d8kjn7k/,2 baths,"1,600 sq ft","1,600",,,2500.0,,,,,,
,El Dorado Hills,Houses,CA,95762,"8178 Damico Dr El Dorado Hills, CA 95762",https://www.apartments.com/8178-damico-dr-el-dorado-hills-ca/r2vhxs3/,3 baths,"3,200 sq ft","3,200",,,3300.0,,,,,,
,Manteca,Houses,CA,95336,"899 Sweet Pea Ln Manteca, CA 95336",https://www.apartments.com/899-sweet-pea-ln-manteca-ca/qjevd3x/,4 baths,"4,075 sq ft","4,075",,,,,3400.0,,,,
,Rancho Mirage,Houses,CA,92270,"19 Orleans Rd Rancho Mirage, CA 92270",https://www.apartments.com/19-orleans-rd-rancho-mirage-ca/bbxw6wc/,3 baths,"2,672 sq ft","2,672",,,4500.0,,,,,,
,Geyserville,Houses,CA,95441,"2225 Wilson Rd Geyserville, CA 95441",https://www.apartments.com/2225-wilson-rd-geyserville-ca/gq68gnw/,4.5 baths,"3,300 sq ft","3,300",,,20000.0,,,,,,
,Healdsburg,Houses,CA,95448,"7757 W Dry Creek Rd Healdsburg, CA 95448",https://www.apartments.com/7757-w-dry-creek-rd-healdsburg-ca/1cq6vj7/,2 baths,"1,760 sq ft","1,760",,,,18000.0,,,,,
,St. Helena,Houses,CA,94574,"3397 St Helena Hwy St. Helena, CA 94574",https://www.apartments.com/3397-st-helena-hwy-st-helena-ca/4jwsj4h/,4 baths,"5,000 sq ft","5,000",,,,,25000.0,,,,
,Cloverdale,Houses,CA,95425,"29955 River Rd Cloverdale, CA 95425",https://www.apartments.com/29955-river-rd-cloverdale-ca/ffse4fs/,3 baths,"1,800 sq ft","1,800",,,,3295.0,,,,,
,Kenwood,Houses,CA,95452,"505 Kinnybrook Dr Kenwood, CA 95452",https://www.apartments.com/505-kinnybrook-dr-kenwood-ca/m16qlel/,4.5 baths,"5,008 sq ft","5,008",,,,,35000.0,,,,
,Healdsburg,Houses,CA,95448,"419 Dry Creek Rd Healdsburg, CA 95448",https://www.apartments.com/419-dry-creek-rd-healdsburg-ca/exfbx4n/,2.5 baths,"2,674 sq ft","2,674",,,,25000.0,,,,,
,Guerneville,Houses,CA,95446,"16530 Laughlin Rd Guerneville, CA 95446",https://www.apartments.com/16530-laughlin-rd-guerneville-ca/qhsh8qy/,3.5 baths,,,,,,,12000.0,,,,
,Healdsburg,Houses,CA,95448,"2355 W Dry Creek Rd Healdsburg, CA 95448",https://www.apartments.com/2355-w-dry-creek-rd-healdsburg-ca/xswts8p/,4.5 baths,"6,378 sq ft","6,378",,,21000.0,,,,,,
,Hidden Valley Lake,Houses,CA,95467,"19111 Stonegate Rd Hidden Valley Lake, CA 95467",https://www.apartments.com/19111-stonegate-rd-hidden-valley-lake-ca/fwy231t/,2 baths,"1,344 sq ft","1,344",,,,2200.0,,,,,
,Temecula,Houses,CA,92590,"43275 Vista Bonita Temecula, CA 92590",https://www.apartments.com/43275-vista-bonita-temecula-ca/mb14bck/,2 baths,"1,800 sq ft","1,800",,,,3400.0,,,,,
,Redlands,Houses,CA,92374,"1539 Carolyn Ct Redlands, CA 92374",https://www.apartments.com/1539-carolyn-ct-redlands-ca/ll56qfe/,4 baths,"3,168 sq ft","3,168",,,,,3847.0,,,,
,Hesperia,Houses,CA,92344,"13134 Sunnyvale Ct Hesperia, CA 92344",https://www.apartments.com/13134-sunnyvale-ct-hesperia-ca/x1njwcq/,3 baths,"2,039 sq ft","2,039",,,,2300.0,,,,,
,Ojai,Houses,CA,93023,"12175 Mountain Lion Rd Ojai, CA 93023",https://www.apartments.com/12175-mountain-lion-rd-ojai-ca/8zjdn82/,5 baths,"4,200 sq ft","4,200",,,,,14000.0,,,,
,Bakersfield,Houses,CA,93313,"9600 Pony Mountain Rd Bakersfield, CA 93313",https://www.apartments.com/9600-pony-mountain-rd-bakersfield-ca/k82ksk8/,2 baths,"1,680 sq ft","1,680",,,2090.0,,,,,,
,Fontana,Houses,CA,92336,"5740 Ridgemark Pl Fontana, CA 92336",https://www.apartments.com/5740-ridgemark-pl-fontana-ca/c63xvwe/,2 baths,"2,032 sq ft","2,032",,,,3200.0,,,,,
2150.0,Valley Center,Houses,CA,92082,"12462 Hillpoint Ct Valley Center, CA 92082",https://www.apartments.com/12462-hillpoint-ct-valley-center-ca/6fw470v/,1 bath,864 sq ft,864,,,,,,,,,
3900.0,Ventura,Houses,CA,93001,"6931 San Fernando Ave Ventura, CA 93001",https://www.apartments.com/6931-san-fernando-ave-ventura-ca/5elxwgm/,2 baths,"1,189 sq ft","1,189",,,,,,,,,
,Hidden Valley Lake,Houses,CA,95467,"16396 Eagle Rock Rd Hidden Valley Lake, CA 95467",https://www.apartments.com/16396-eagle-rock-rd-hidden-valley-lake-ca/ed5qtqn/,2 baths,"1,412 sq ft","1,412",,1800.0,,,,,,,
,Temecula,Houses,CA,92592,"41025 Los Ranchos Cir Temecula, CA 92592",https://www.apartments.com/41025-los-ranchos-cir-temecula-ca/wb2t5jh/,4 baths,"3,156 sq ft","3,156",,,,4500.0,,,,,
,Summerland,Houses,CA,93067,"2345 Finney St Summerland, CA 93067",https://www.apartments.com/2345-finney-st-summerland-ca/esm710q/,3 baths,,,,,,35000.0,,,,,
,Yorba Linda,Houses,CA,92886,"3782 Carson Way Yorba Linda, CA 92886",https://www.apartments.com/3782-carson-way-yorba-linda-ca/7fg762x/,3 baths,"3,000 sq ft","3,000",,,,4450.0,,,,,
,Riverside,Houses,CA,92503,"12335 Brianwood Dr Riverside, CA 92503",https://www.apartments.com/12335-brianwood-dr-riverside-ca/9pf9p65/,2 baths,"2,395 sq ft","2,395",,,,2900.0,,,,,
,Malibu,Houses,CA,90265,"6270 Zumirez Dr Malibu, CA 90265",https://www.apartments.com/6270-zumirez-dr-malibu-ca/96l5fg5/,4 baths,"3,148 sq ft","3,148",,,48000.0,,,,,,
,Pala,Houses,CA,92059,"38875 Magee Heights Way Pala, CA 92059",https://www.apartments.com/38875-magee-heights-way-pala-ca/yb27d6t/,5 baths,"2,839 sq ft","2,839",,,,6500.0,,,,,
,Temecula,Houses,CA,92591,"41433 Temeku Dr Temecula, CA 92591",https://www.apartments.com/41433-temeku-dr-temecula-ca/k4rlef9/,3 baths,"2,700 sq ft","2,700",,,,3450.0,,,,,
,Coarsegold,Houses,CA,93614,"34254 Jennifer Ln Coarsegold, CA 93614",https://www.apartments.com/34254-jennifer-ln-coarsegold-ca/3n5qeld/,6 baths,"4,380 sq ft","4,380",,,,,,5500.0,,,
,Indio,Houses,CA,92201,"80685 Wicket Ln Indio, CA 92201",https://www.apartments.com/80685-wicket-ln-indio-ca/3hdt7jd/,6 baths,"4,350 sq ft","4,350",,,,,,,8000.0,,
,La Quinta,Houses,CA,92253,"57780 Black Diamond La Quinta, CA 92253",https://www.apartments.com/57780-black-diamond-la-quinta-ca/gcc5t8z/,5 baths,"2,844 sq ft","2,844",,,7500.0,,,,,,
,Cathedral City,Houses,CA,92234,"68725 Tachevah Dr Cathedral City, CA 92234",https://www.apartments.com/68725-tachevah-dr-cathedral-city-ca/q81jpry/,3 baths,"1,822 sq ft","1,822",,,,4500.0,,,,,
,Hidden Valley Lake,Houses,CA,95467,"19638 Mountain Meadow N Hidden Valley Lake, CA 95467",https://www.apartments.com/19638-mountain-meadow-n-hidden-valley-lake-ca/qwkj3kx/,2 baths,"1,656 sq ft","1,656",,,,2300.0,,,,,
,Malibu,Houses,CA,90265,"22058 Pacific Coast Hwy Malibu, CA 90265",https://www.apartments.com/22058-pacific-coast-hwy-malibu-ca/40pnb9k/,3 baths,"2,972 sq ft","2,972",,,,50000.0,,,,,
,Malibu,Houses,CA,90265,"34405 Pacific Coast Hwy Malibu, CA 90265",https://www.apartments.com/34405-pacific-coast-hwy-malibu-ca/8yp6461/,3 baths,"2,989 sq ft","2,989",,,13200.0,,,,,,
,Borrego Springs,Houses,CA,92004,"2122 Rams Hill Dr Borrego Springs, CA 92004",https://www.apartments.com/2122-rams-hill-dr-borrego-springs-ca/9mdm3h7/,3 baths,"2,787 sq ft","2,787",,,,8000.0,,,,,
,Laguna Beach,Houses,CA,92651,"2495 Riviera Dr Laguna Beach, CA 92651",https://www.apartments.com/2495-riviera-dr-laguna-beach-ca/t4q9bpb/,9 baths,"7,200 sq ft","7,200",,,,,100000.0,,,,
,Malibu,Houses,CA,90265,"33410 Pacific Coast Hwy Malibu, CA 90265",https://www.apartments.com/33410-pacific-coast-hwy-malibu-ca/m9k1tlh/,3 baths,"2,790 sq ft","2,790",,,,20000.0,,,,,
,Palm Desert,Houses,CA,92211,"78853 Tamarisk Flower Dr Palm Desert, CA 92211",https://www.apartments.com/78853-tamarisk-flower-dr-palm-desert-ca/rnlm1r1/,2 baths,"2,102 sq ft","2,102",,3600.0,,,,,,,
,Laguna Beach,Houses,CA,92651,"140 Irvine Cove Cir Laguna Beach, CA 92651",https://www.apartments.com/140-irvine-cove-cir-laguna-beach-ca/8hkwr33/,7 baths,"8,952 sq ft","8,952",,,,,,,,49500.0,
,Kelseyville,Houses,CA,95451,"8100 Soda Bay Rd Kelseyville, CA 95451",https://www.apartments.com/8100-soda-bay-rd-kelseyville-ca/615d85r/,2 baths,"1,344 sq ft","1,344",,,,1595.0,,,,,
,Malibu,Houses,CA,90265,"33461 Pacific Coast Hwy Malibu, CA 90265",https://www.apartments.com/33461-pacific-coast-hwy-malibu-ca/ndtd8nn/,2 baths,,,,,,9500.0,,,,,
,Malibu,Houses,CA,90265,"24000 Malibu Rd Malibu, CA 90265",https://www.apartments.com/24000-malibu-rd-malibu-ca/r37jyj0/,3 baths,"2,044 sq ft","2,044",,,65000.0,,,,,,
,La Quinta,Houses,CA,92253,"60568 Lace Leaf Ct La Quinta, CA 92253",https://www.apartments.com/60568-lace-leaf-ct-la-quinta-ca/mhlvjck/,3 baths,"2,332 sq ft","2,332",,,,5800.0,,,,,
,Winchester,Houses,CA,92596,"35627 Athena Ct Winchester, CA 92596",https://www.apartments.com/35627-athena-ct-winchester-ca/ep2qb0p/,3 baths,"3,404 sq ft","3,404",,,,,3200.0,,,,
,Kelseyville,Houses,CA,95451,"8115 Mountain Crest Dr Kelseyville, CA 95451",https://www.apartments.com/8115-mountain-crest-dr-kelseyville-ca/rly4950/,3 baths,"1,988 sq ft","1,988",,2700.0,,,,,,,
,Murrieta,Houses,CA,92562,"24077 Golden Mist Dr Murrieta, CA 92562",https://www.apartments.com/24077-golden-mist-dr-murrieta-ca/ecegrgm/,3 baths,"3,233 sq ft","3,233",,,,,3500.0,,,,
,Canyon Lake,Houses,CA,92587,"22576 Inspiration Point Canyon Lake, CA 92587",https://www.apartments.com/22576-inspiration-point-canyon-lake-ca/ne0edym/,1 bath,"1,200 sq ft","1,200",,2500.0,,,,,,,
,Creston,Houses,CA,93432,"7261 O'Donovan Rd Creston, CA 93432",https://www.apartments.com/7261-odonovan-rd-creston-ca/yftbe7r/,5 baths,,,,,,,12500.0,,,,
,Malibu,Houses,CA,90265,"29107 Cliffside Dr Malibu, CA 90265",https://www.apartments.com/29107-cliffside-dr-malibu-ca/q7w7xjz/,3 baths,"2,424 sq ft","2,424",,,45000.0,,,,,,
,Riverside,Houses,CA,92507,"19370 Lone St Riverside, CA 92507",https://www.apartments.com/19370-lone-st-riverside-ca/njxh52p/,3 baths,"1,860 sq ft","1,860",,,,2850.0,,,,,
,Palm Springs,Houses,CA,92264,"1999 S Caliente Dr Palm Springs, CA 92264",https://www.apartments.com/1999-s-caliente-dr-palm-springs-ca/ffvd4nr/,3 baths,"2,698 sq ft","2,698",,,,7000.0,,,,,
,Murrieta,Houses,CA,92562,"23404 Mountain Song Loop Murrieta, CA 92562",https://www.apartments.com/23404-mountain-song-loop-murrieta-ca/wnw533h/,3 baths,"3,270 sq ft","3,270",,,,,3500.0,,,,
,Lathrop,Houses,CA,95330,"1507 Garden Farms Ave Lathrop, CA 95330",https://www.apartments.com/1507-garden-farms-ave-lathrop-ca/5y543pq/,3 baths,"2,566 sq ft","2,566",,,3100.0,,,,,,
,Hemet,Houses,CA,92543,"848 Olivette St Hemet, CA 92543",https://www.apartments.com/848-olivette-st-hemet-ca/f8ezq1t/,1 bath,"2,100 sq ft","2,100",,,,3200.0,,,,,
,Calistoga,Houses,CA,94515,"3002 Foothill Blvd Calistoga, CA 94515",https://www.apartments.com/3002-foothill-blvd-calistoga-ca/qs9lc0x/,3 baths,"2,900 sq ft","2,900",,,17750.0,,,,,,
,Carmel-by-the-Sea,Houses,CA,93923,"210 San Remo Rd Carmel-by-the-Sea, CA 93923",https://www.apartments.com/210-san-remo-rd-carmel-by-the-sea-ca/zh1rjxy/,2 baths,"2,451 sq ft","2,451",,,,6420.0,,,,,
,Mountain View,Houses,CA,94043,"229 Athena Ct Mountain View, CA 94043",https://www.apartments.com/229-athena-ct-mountain-view-ca/epxzn0m/,3 baths,"2,021 sq ft","2,021",,,6295.0,,,,,,
,Portola Valley,Houses,CA,94028,"237 Mapache Dr Portola Valley, CA 94028",https://www.apartments.com/237-mapache-dr-portola-valley-ca/6n8d26t/,7.5 baths,"8,100 sq ft","8,100",,,,,,,,,30000.0
,Carmel-by-the-Sea,Houses,CA,93923,"62 Corona Rd Carmel-by-the-Sea, CA 93923",https://www.apartments.com/62-corona-rd-carmel-by-the-sea-ca/wt7f3gh/,4.5 baths,"4,645 sq ft","4,645",,,,,13000.0,,,,
,San Mateo,Houses,CA,94403,"3256 Countryside Dr San Mateo, CA 94403",https://www.apartments.com/3256-countryside-dr-san-mateo-ca/8l5vml0/,2 baths,"1,650 sq ft","1,650",,,,3800.0,,,,,
,Half Moon Bay,Houses,CA,94019,"198 Cypress Point Rd Half Moon Bay, CA 94019",https://www.apartments.com/198-cypress-point-rd-half-moon-bay-ca/1xh4en6/,3.5 baths,"4,110 sq ft","4,110",,,15000.0,,,,,,
,Fremont,Houses,CA,94539,"43089 Coit Ave Fremont, CA 94539",https://www.apartments.com/43089-coit-ave-fremont-ca/tewcqk9/,2 baths,"1,246 sq ft","1,246",,,3595.0,,,,,,
,Del Monte Forest,Houses,CA,93953,"3075 Sloat Rd Del Monte Forest, CA 93953",https://www.apartments.com/3075-sloat-rd-del-monte-forest-ca/xhdn9sq/,2 baths,"2,436 sq ft","2,436",,,7757.0,,,,,,
,San Martin,Houses,CA,95046,"14560 Monterey Rd San Martin, CA 95046",https://www.apartments.com/14560-monterey-rd-san-martin-ca/1s2fns7/,1 bath,"1,301 sq ft","1,301",,,,3500.0,,,,,
,Borrego Springs,Houses,CA,92004,"438 De Anza Spur Rd Borrego Springs, CA 92004",https://www.apartments.com/438-de-anza-spur-rd-borrego-springs-ca/2xrnbv8/,5 baths,"4,742 sq ft","4,742",,,,,13500.0,,,,
,Borrego Springs,Houses,CA,92004,"1815 Palm Canyon Dr Borrego Springs, CA 92004",https://www.apartments.com/1815-palm-canyon-dr-borrego-springs-ca/c23z95f/,3 baths,"2,900 sq ft","2,900",,,4500.0,,,,,,
,Lucerne,Houses,CA,95458,"6417 7th Ave Lucerne, CA 95458",https://www.apartments.com/6417-7th-ave-lucerne-ca/zp173qw/,2 baths,"1,023 sq ft","1,023",,1400.0,,,,,,,
,Montecito,Houses,CA,93108,"1960 E Valley Rd Montecito, CA 93108",https://www.apartments.com/1960-e-valley-rd-montecito-ca/feed5pv/,6 baths,"2,900 sq ft","2,900",,,,,21000.0,,,,
,Heber,Houses,CA,92249,"1165 Goldfield Way Heber, CA 92249",https://www.apartments.com/1165-goldfield-way-heber-ca/97wbk34/,2 baths,"1,822 sq ft","1,822",,,1350.0,,,,,,
,La Quinta,Houses,CA,92253,"60515 Living Stone Dr La Quinta, CA 92253",https://www.apartments.com/60515-living-stone-dr-la-quinta-ca/23y89lb/,2 baths,"1,693 sq ft","1,693",,3800.0,,,,,,,
,Palm Desert,Houses,CA,92211,"78642 Purple Sagebrush Ave Palm Desert, CA 92211",https://www.apartments.com/78642-purple-sagebrush-ave-palm-desert-ca/6se6qpt/,2.5 baths,"2,415 sq ft","2,415",,,,4500.0,,,,,
,Kenwood,Houses,CA,95452,"505 Kinnybrook Dr Kenwood, CA 95452",https://www.apartments.com/505-kinnybrook-dr-kenwood-ca/xg0242q/,4.5 baths,"5,008 sq ft","5,008",,,,,35000.0,,,,
,Cloverdale,Houses,CA,95425,"29955 River Rd Cloverdale, CA 95425",https://www.apartments.com/29955-river-rd-cloverdale-ca/98004r4/,3 baths,"1,800 sq ft","1,800",,,,3295.0,,,,,
,St. Helena,Houses,CA,94574,"1752 Vineyard Ave St. Helena, CA 94574",https://www.apartments.com/1752-vineyard-ave-st-helena-ca/xmf9mgm/,2 baths,"1,623 sq ft","1,623",,6800.0,,,,,,,
,Calistoga,Houses,CA,94515,"1607 Foothill Blvd Calistoga, CA 94515",https://www.apartments.com/1607-foothill-blvd-calistoga-ca/jeqr1b7/,2 baths,"1,376 sq ft","1,376",,,,4500.0,,,,,
,Healdsburg,Houses,CA,95448,"314 Grant St Healdsburg, CA 95448",https://www.apartments.com/314-grant-st-healdsburg-ca/51ywkjn/,4 baths,"2,277 sq ft","2,277",,,,,6500.0,,,,
,Calistoga,Houses,CA,94515,"1001 Myrtle St Calistoga, CA 94515",https://www.apartments.com/1001-myrtle-st-calistoga-ca/5knjknp/,1 bath,"1,178 sq ft","1,178",,,,3100.0,,,,,
,Vacaville,Houses,CA,95688,"143 Waterford Dr Vacaville, CA 95688",https://www.apartments.com/143-waterford-dr-vacaville-ca/pt85y6v/,2 baths,"1,268 sq ft","1,268",,,,2500.0,,,,,
,La Quinta,Houses,CA,92253,"60224 Honeysuckle St La Quinta, CA 92253",https://www.apartments.com/60224-honeysuckle-st-la-quinta-ca/nm3ek0q/,2 baths,"1,359 sq ft","1,359",,3500.0,,,,,,,
,Whitewater,Houses,CA,92282,"15968 Snowcreek Canyon Rd Whitewater, CA 92282",https://www.apartments.com/15968-snowcreek-canyon-rd-whitewater-ca/e7bqx6m/,2 baths,870 sq ft,870,,1900.0,,,,,,,
,Palm Desert,Houses,CA,92211,"75260 Vista Corona Palm Desert, CA 92211",https://www.apartments.com/75260-vista-corona-palm-desert-ca/r98twj0/,2 baths,"1,038 sq ft","1,038",,4000.0,,,,,,,
,La Quinta,Houses,CA,92253,"56408 Palms Dr La Quinta, CA 92253",https://www.apartments.com/56408-palms-dr-la-quinta-ca/d5ck94k/,3 baths,"3,078 sq ft","3,078",,,,7000.0,,,,,
,La Quinta,Houses,CA,92253,"61000 Living Stone Dr La Quinta, CA 92253",https://www.apartments.com/61000-living-stone-dr-la-quinta-ca/m16p8vl/,2 baths,"1,386 sq ft","1,386",,3500.0,,,,,,,
,La Quinta,Houses,CA,92253,"60196 Aloe Cir La Quinta, CA 92253",https://www.apartments.com/60196-aloe-cir-la-quinta-ca/hnpkdr0/,2 baths,"1,386 sq ft","1,386",,3500.0,,,,,,,
,Indio,Houses,CA,92201,"49534 Lewis Rd Indio, CA 92201",https://www.apartments.com/49534-lewis-rd-indio-ca/vh0vr8f/,2.5 baths,"2,180 sq ft","2,180",,,,4700.0,,,,,
,La Quinta,Houses,CA,92253,"61037 Fire Barrel Dr La Quinta, CA 92253",https://www.apartments.com/61037-fire-barrel-dr-la-quinta-ca/jve92f4/,3 baths,"2,091 sq ft","2,091",,,,7000.0,,,,,
,Palm Desert,Houses,CA,92211,"35201 Cornet Way Palm Desert, CA 92211",https://www.apartments.com/35201-cornet-way-palm-desert-ca/1sjwr15/,2 baths,"2,032 sq ft","2,032",,3900.0,,,,,,,
,Indio,Houses,CA,92203,"85071 Stazzano Pl Indio, CA 92203",https://www.apartments.com/85071-stazzano-pl-indio-ca/4n49pch/,2 baths,"2,026 sq ft","2,026",,,,4200.0,,,,,
,Rancho Mirage,Houses,CA,92270,"284 Loch Lomond Rd Rancho Mirage, CA 92270",https://www.apartments.com/284-loch-lomond-rd-rancho-mirage-ca/zyjdj5y/,3.5 baths,"3,816 sq ft","3,816",,,13000.0,,,,,,
,Indio,Houses,CA,92203,"81441 Avenida Montura Indio, CA 92203",https://www.apartments.com/81441-avenida-montura-indio-ca/qknj5zz/,2 baths,"1,786 sq ft","1,786",,,,4700.0,,,,,
,La Quinta,Houses,CA,92253,"54052 Avenida Martinez La Quinta, CA 92253",https://www.apartments.com/54052-avenida-martinez-la-quinta-ca/dyxl62j/,1 bath,"1,849 sq ft","1,849",,,,3000.0,,,,,
,Palm Springs,Houses,CA,92262,"2417 Tuscany Heights Dr Palm Springs, CA 92262",https://www.apartments.com/2417-tuscany-heights-dr-palm-springs-ca/6xvz9ft/,3.5 baths,"3,435 sq ft","3,435",,,,16500.0,,,,,
,Palm Desert,Houses,CA,92211,"78836 Stansbury Ct Palm Desert, CA 92211",https://www.apartments.com/78836-stansbury-ct-palm-desert-ca/1mbjf76/,2 baths,"1,616 sq ft","1,616",,1900.0,,,,,,,
,Indio,Houses,CA,92201,"49577 Lewis Rd Indio, CA 92201",https://www.apartments.com/49577-lewis-rd-indio-ca/21p8c3c/,2 baths,"1,853 sq ft","1,853",,3600.0,,,,,,,
,La Quinta,Houses,CA,92253,"81343 Ulrich Dr La Quinta, CA 92253",https://www.apartments.com/81343-ulrich-dr-la-quinta-ca/s893f04/,3 baths,"2,170 sq ft","2,170",,4000.0,,,,,,,
,La Quinta,Houses,CA,92253,"81345 Kingston Heath La Quinta, CA 92253",https://www.apartments.com/81345-kingston-heath-la-quinta-ca/m7qp0ml/,4.5 baths,"4,370 sq ft","4,370",,,13500.0,,,,,,
,Indio,Houses,CA,92203,"42753 Della Pl Indio, CA 92203",https://www.apartments.com/42753-della-pl-indio-ca/7q2fg3w/,3 baths,"2,338 sq ft","2,338",,,4500.0,,,,,,
,Idyllwild-Pine Cove,Houses,CA,92549,"25679 Alderwood St Idyllwild-Pine Cove, CA 92549",https://www.apartments.com/3-bedrooms-in-town-idyllwild-pine-cove-ca/8895hk3/,2 baths,900 sq ft,900,,,,1795.0,,,,,
,Oakhurst,Houses,CA,93644,"45411 Lauri Ln Oakhurst, CA 93644",https://www.apartments.com/45411-lauri-ln-oakhurst-ca/320c6tf/,2 baths,"1,430 sq ft","1,430",,,2000.0,,,,,,
,Clovis,Houses,CA,93612,"921 Fremont Ave Clovis, CA 93612",https://www.apartments.com/921-fremont-ave-clovis-ca/bpn66bb/,2.75 baths,"1,762 sq ft","1,762",,,,2895.0,,,,,
6995.0,Malibu,Houses,CA,90265,"11448 Pacific Coast Hwy Malibu, CA 90265",https://www.apartments.com/11448-pacific-coast-hwy-malibu-ca/gfcqtnz/,1 bath,640 sq ft,640,,,,,,,,,
,Rancho Palos Verdes,Houses,CA,90275,"28171 Grayslake Rd Rancho Palos Verdes, CA 90275",https://www.apartments.com/28171-grayslake-rd-rancho-palos-verdes-ca/3wznf2e/,2 baths,"3,000 sq ft","3,000",,,4900.0,,,,,,
,Belmont,Houses,CA,94002,"307 Hiller St Belmont, CA 94002",https://www.apartments.com/307-hiller-st-belmont-ca/5depb7p/,2 baths,"1,290 sq ft","1,290",,,,4500.0,,,,,
,Riverbank,Houses,CA,95367,"5639 Suttermill Dr Riverbank, CA 95367",https://www.apartments.com/5639-suttermill-dr-riverbank-ca/yvflmxv/,2.5 baths,"3,050 sq ft","3,050",,,2500.0,,,,,,
,La Jolla,Houses,CA,92037,"2075 Torrey Pines Rd La Jolla, CA 92037",https://www.apartments.com/2075-torrey-pines-rd-la-jolla-ca/kzql6tc/,4 baths,"4,000 sq ft","4,000",,,,,15000.0,,,,
,Frazier Park,Houses,CA,93225,"1221 Snowbird Dr Frazier Park, CA 93225",https://www.apartments.com/1221-snowbird-dr-frazier-park-ca/pc1cjfv/,2 baths,"2,400 sq ft","2,400",,,1799.0,,,,,,
,Palo Alto,Houses,CA,94306,"2222 Oberlin St Palo Alto, CA 94306",https://www.apartments.com/2222-oberlin-st-palo-alto-ca/xrv3mmp/,2.5 baths,"1,400 sq ft","1,400",,,,5495.0,,,,,
