1 bed,City_Rent,Type,State_Rent,Zip_code,Full_Address,Rent_link,Bath_Info,Square_Feet_Data,Square_Feet,6 beds,2 beds,4 beds,3 beds,5 beds,Studio
2695,Santa Monica,Houses,CA,90401,"1543 11th St Santa Monica, CA 90401",https://www.apartments.com/1543-11th-st-santa-monica-ca/lxhfrkg/,1 bath,650 sq ft,650,,,,,,
2100,Santa Monica,Houses,CA,90405,"1649 Hill St Santa Monica, CA 90405",https://www.apartments.com/1649-hill-st-santa-monica-ca/zgzbzzw/,1 bath,450 sq ft,450,,,,,,
,Santa Monica,Houses,CA,90403,"1126 Yale St Santa Monica, CA 90403",https://www.apartments.com/1126-yale-st-santa-monica-ca/vv3l8ef/,6.5 baths,"4,700 sq ft","4,700",19995,,,,,
2795,Santa Monica,Houses,CA,90401,"1543 11th St Santa Monica, CA 90401",https://www.apartments.com/1543-11th-st-santa-monica-ca/4rrv28h/,1 bath,695 sq ft,695,,,,,,
,San Pedro,Houses,CA,90731,"1104 W 24th St San Pedro, CA 90731",https://www.apartments.com/1104-w-24th-st-san-pedro-ca/kn3q3j8/,2 baths,"1,650 sq ft","1,650",,2800,,,,
,Manhattan Beach,Houses,CA,90266,"120 El Porto St Manhattan Beach, CA 90266",https://www.apartments.com/120-el-porto-st-manhattan-beach-ca/ln4ycle/,2 baths,"1,000 sq ft","1,000",,3900,,,,
,Los Angeles,Houses,CA,91307,"6629 Melba Ave Los Angeles, CA 91307",https://www.apartments.com/6629-melba-ave-los-angeles-ca/m43x2ej/,2 baths,"1,499 sq ft","1,499",,,4900,,,
,Los Angeles,Houses,CA,90024,"10664 Kinnard Ave Los Angeles, CA 90024",https://www.apartments.com/10664-kinnard-ave-los-angeles-ca/vvjxjcf/,2.5 baths,"1,792 sq ft","1,792",,,,6900,,
,San Francisco,Houses,CA,94132,"175 Vernon St San Francisco, CA 94132",https://www.apartments.com/175-vernon-st-san-francisco-ca/58pq5zq/,1.5 baths,"1,200 sq ft","1,200",,,1450,,,
,San Francisco,Houses,CA,94112,"340 Mount Vernon Ave San Francisco, CA 94112",https://www.apartments.com/340-mount-vernon-ave-san-francisco-ca/1btmsb5/,1 bath,800 sq ft,800,,2500,,,,
,San Mateo,Houses,CA,94402,"22 Pinecrest Terrace San Mateo, CA 94402",https://www.apartments.com/22-pinecrest-terrace-san-mateo-ca/m734dej/,3 baths,"2,730 sq ft","2,730",,,,,8250,
,Cerritos,Houses,CA,90703,"13247 Semora Pl Cerritos, CA 90703",https://www.apartments.com/13247-semora-pl-cerritos-ca/72rxmyx/,3 baths,"2,730 sq ft","2,730",,,,,,
,San Leandro,Houses,CA,94577,"2224 Estabrook Cir San Leandro, CA 94577",https://www.apartments.com/2224-estabrook-cir-san-leandro-ca/lqc2m6d/,1 bath,700 sq ft,700,,2300,,,,
,Millbrae,Houses,CA,94030,"307 Helen Dr Millbrae, CA 94030",https://www.apartments.com/307-helen-dr-millbrae-ca/ef21d6m/,1 bath,450 sq ft,450,,2200,,,,
,San Bruno,Houses,CA,94066,"541 Green Ave San Bruno, CA 94066",https://www.apartments.com/541-green-ave-san-bruno-ca/m6bqbth/,1 bath,"1,100 sq ft","1,100",,2995,,,,
,Oroville,Houses,CA,95966,"3138 Orange Ave Oroville, CA 95966",https://www.apartments.com/3138-orange-ave-oroville-ca/ge9ht6x/,1.5 baths,"1,018 sq ft","1,018",,,,1600,,
,Livermore,Houses,CA,94550,"1353 Windswept Cmn Livermore, CA 94550",https://www.apartments.com/1353-windswept-cmn-livermore-ca/2dwbbt8/,2.5 baths,"1,428 sq ft","1,428",,,,3950,,
,Palmdale,Houses,CA,93550,"1503 E Avenue Q6 Palmdale, CA 93550",https://www.apartments.com/1503-e-avenue-q6-palmdale-ca/d2htdth/,1 bath,"1,000 sq ft","1,000",,1600,,2500,,
,Sunnyvale,Houses,CA,94089,"213 Velvetlake Dr Sunnyvale, CA 94089",https://www.apartments.com/213-velvetlake-dr-sunnyvale-ca/vcn73cf/,2 baths,"1,108 sq ft","1,108",,,,3500,,
,Culver City,Houses,CA,90230,"5361 Inglewood Blvd Culver City, CA 90230",https://www.apartments.com/5361-inglewood-blvd-culver-city-ca/7dhd0zz/,2 baths,"2,100 sq ft","2,100",,,,4500,,
,Atherton,Houses,CA,94027,"51 Watkins Ave Atherton, CA 94027",https://www.apartments.com/51-watkins-ave-atherton-ca/959rvs6/,2 baths,"2,400 sq ft","2,400",,,6400,,,
,Van Nuys,Houses,CA,91405,"14431 Cohasset St Van Nuys, CA 91405",https://www.apartments.com/14431-cohasset-st-van-nuys-ca/mnd0lrl/,2 baths,"1,802 sq ft","1,802",,,5750,,,
,Mission Viejo,Houses,CA,92692,"28282 Borgona Mission Viejo, CA 92692",https://www.apartments.com/28282-borgona-mission-viejo-ca/yzw0ntt/,2 baths,"1,472 sq ft","1,472",,,,3100,,
,Running Springs,Houses,CA,92382,"31474 Pleasant Dr Running Springs, CA 92382",https://www.apartments.com/31474-pleasant-dr-running-springs-ca/pl3g4nv/,1 bath,810 sq ft,810,,1995,,,,
1695,Palo Alto,Houses,CA,94306,"3926 Park Blvd Palo Alto, CA 94306",https://www.apartments.com/3926-park-blvd-palo-alto-ca/764dx5x/,1 bath,400 sq ft,400,,,,,,
,Los Angeles,Houses,CA,90068,"7228 Woodrow Wilson Dr Los Angeles, CA 90068",https://www.apartments.com/7228-woodrow-wilson-dr-los-angeles-ca/es3bm6p/,2.5 baths,"2,236 sq ft","2,236",,7200,,,,
,Pomona,Houses,CA,91767,"1346 Densmore St Pomona, CA 91767",https://www.apartments.com/1346-densmore-st-pomona-ca/yylvmes/,3 baths,"2,000 sq ft","2,000",,,3500,,,
,Los Angeles,Houses,CA,90291,"1333 6th Ave Los Angeles, CA 90291",https://www.apartments.com/1333-6th-ave-los-angeles-ca/cbx1lrf/,1.5 baths,"1,150 sq ft","1,150",,6875,,,,
,Los Angeles,Houses,CA,90034,"3128 Vera Ave Los Angeles, CA 90034",https://www.apartments.com/3128-vera-ave-los-angeles-ca/vycwczf/,1 bath,400 sq ft,400,,,,,,1400
1650,Pasadena,Houses,CA,91104,"509 E Rio Grande St Pasadena, CA 91104",https://www.apartments.com/509-e-rio-grande-st-pasadena-ca/zd5kbty/,1 bath,520 sq ft,520,,,,,,
,Van Nuys,Houses,CA,91401,"14203 Tiara St Van Nuys, CA 91401",https://www.apartments.com/14203-tiara-st-van-nuys-ca/66mb4qt/,1 bath,985 sq ft,985,,2250,,,,
850,Sacramento,Houses,CA,95826,"9056 La Riviera Dr Sacramento, CA 95826",https://www.apartments.com/9056-la-riviera-dr-sacramento-ca/dx0n2ml/,1 bath,"1,800 sq ft","1,800",,,,,,
,Paso Robles,Houses,CA,93446,"520 32nd St Paso Robles, CA 93446",https://www.apartments.com/520-32nd-st-paso-robles-ca/eyjm2tp/,2 baths,"1,000 sq ft","1,000",,,,2750,,
,Glendale,Houses,CA,91214,"3351 Montrose Ave Glendale, CA 91214",https://www.apartments.com/3351-montrose-ave-glendale-ca/smylrw6/,1 bath,800 sq ft,800,,2350,,,,
,Oakland,Houses,CA,94621,"1521 79th Ave Oakland, CA 94621",https://www.apartments.com/1521-79th-ave-oakland-ca/gh26egx/,2 baths,"1,400 sq ft","1,400",,,,3000,,
,North Hollywood,Houses,CA,91602,"4731 Camellia Ave North Hollywood, CA 91602",https://www.apartments.com/4731-camellia-ave-north-hollywood-ca/42ll33l/,2 baths,"1,692 sq ft","1,692",,,,5600,,
2500,San Diego,Houses,CA,92109,"3302 Jewell St San Diego, CA 92109",https://www.apartments.com/3302-jewell-st-san-diego-ca/np8t00p/,1 bath,400 sq ft,400,,,,,,
,Los Angeles,Houses,CA,90049,"1101 S Bundy Dr Los Angeles, CA 90049",https://www.apartments.com/1101-s-bundy-dr-los-angeles-ca/4b5gy1l/,6.5 baths,"6,246 sq ft","6,246",19500,,,,,
2695,Redwood City,Houses,CA,94061,"1826 Vera Ave Redwood City, CA 94061",https://www.apartments.com/1826-vera-ave-redwood-city-ca/3nt109d/,1 bath,466 sq ft,466,,,,,,
,Tarzana,Houses,CA,91356,"5057 Shirley Ave Tarzana, CA 91356",https://www.apartments.com/5057-shirley-ave-tarzana-ca/03wqzz2/,2.5 baths,"3,200 sq ft","3,200",,,6750,,,
,Pasadena,Houses,CA,91104,"993 N Hudson Ave Pasadena, CA 91104",https://www.apartments.com/993-n-hudson-ave-pasadena-ca/40gcd3k/,1 bath,490 sq ft,490,,,,,,1800
,Los Angeles,Houses,CA,90064,"2312 Wellesley Ave Los Angeles, CA 90064",https://www.apartments.com/2312-wellesley-ave-los-angeles-ca/xndkdxn/,1 bath,675 sq ft,675,,2800,,,,
,San Jose,Houses,CA,95125,"2326 Cherry Ave San Jose, CA 95125",https://www.apartments.com/2326-cherry-ave-san-jose-ca/84lffl3/,3 baths,"1,479 sq ft","1,479",,,,3495,,
2650,Los Angeles,Houses,CA,91601,"11562 Huston St Los Angeles, CA 91601",https://www.apartments.com/11562-huston-st-los-angeles-ca/vllhq0f/,1 bath,600 sq ft,600,,,,,,
2150,Culver City,Houses,CA,90230,"11546 Segrell Way Culver City, CA 90230",https://www.apartments.com/11546-segrell-way-culver-city-ca/bpbhdmc/,1 bath,356 sq ft,356,,,,,,
,Los Angeles,Houses,CA,90064,"2718 Armacost Ave Los Angeles, CA 90064",https://www.apartments.com/2718-armacost-ave-los-angeles-ca/mfe7xgj/,2 baths,"1,700 sq ft","1,700",,,,5300,,
,Ridgecrest,Houses,CA,93555,"419 Jean Ave Ridgecrest, CA 93555",https://www.apartments.com/419-jean-ave-ridgecrest-ca/gv9850x/,2 baths,"1,600 sq ft","1,600",,1100,,,,
,Lawndale,Houses,CA,90260,"15639 Larch Ave Lawndale, CA 90260",https://www.apartments.com/15639-larch-ave-lawndale-ca/xtryfdn/,1 bath,"1,200 sq ft","1,200",,,,2850,,
,Redondo Beach,Houses,CA,90278,"1809 Grant Ave Redondo Beach, CA 90278",https://www.apartments.com/1809-grant-ave-redondo-beach-ca/prg12gv/,2 baths,"1,336 sq ft","1,336",,3400,,3950,,
1500,Monrovia,Houses,CA,91016,"425 E Walnut Ave Monrovia, CA 91016",https://www.apartments.com/425-e-walnut-ave-monrovia-ca/hbe18m0/,1 bath,400 sq ft,400,,,,,,
,Reseda,Houses,CA,91335,"6818 Rhea Ave Reseda, CA 91335",https://www.apartments.com/6818-rhea-ave-reseda-ca/0b39lt3/,1 bath,"1,300 sq ft","1,300",,,,2849,,
,Hermosa Beach,Houses,CA,90254,"1129 2nd St Hermosa Beach, CA 90254",https://www.apartments.com/1129-2nd-st-hermosa-beach-ca/mh76k0j/,4 baths,"2,970 sq ft","2,970",,,,6800,,
1760,Temple City,Houses,CA,91780,"4963 Sereno Dr Temple City, CA 91780",https://www.apartments.com/4963-sereno-dr-temple-city-ca/9vg2zh4/,1 bath,600 sq ft,600,,,,,,
,Van Nuys,Houses,CA,91405,"6935 Vesper Ave Van Nuys, CA 91405",https://www.apartments.com/6935-vesper-ave-van-nuys-ca/t8rtr19/,1 bath,"1,300 sq ft","1,300",,3000,,,,
,Venice,Houses,CA,90291,"2463 Glyndon Ave Venice, CA 90291",https://www.apartments.com/2463-glyndon-ave-venice-ca/0wskk32/,2 baths,"1,250 sq ft","1,250",,,,4000,,
,Beverly Hills,Houses,CA,90211,"227 N Swall Dr Beverly Hills, CA 90211",https://www.apartments.com/227-n-swall-dr-beverly-hills-ca/6ww418s/,2 baths,"1,391 sq ft","1,391",,3795,,,,
,Los Angeles,Houses,CA,90023,"924 S Bonnie Beach Pl Los Angeles, CA 90023",https://www.apartments.com/924-s-bonnie-beach-pl-los-angeles-ca/vpn8qge/,1 bath,728 sq ft,728,,2200,,,,
,Redondo Beach,Houses,CA,90277,"1227 S Irena Ave Redondo Beach, CA 90277",https://www.apartments.com/1227-s-irena-ave-redondo-beach-ca/h26hx82/,2 baths,"1,200 sq ft","1,200",,,,4300,,
,Los Angeles,Houses,CA,90046,"8051 Fareholm Dr Los Angeles, CA 90046",https://www.apartments.com/8051-fareholm-dr-los-angeles-ca/l6pqc6g/,2 baths,"1,783 sq ft","1,783",,,,6000,,
,San Jose,Houses,CA,95128,"323 Rutland Ave San Jose, CA 95128",https://www.apartments.com/323-rutland-ave-san-jose-ca/6vh811v/,1 bath,"1,100 sq ft","1,100",,3450,,,,
,Pasadena,Houses,CA,91107,"2173 San Pasqual St Pasadena, CA 91107",https://www.apartments.com/2173-san-pasqual-st-pasadena-ca/dc5z3fj/,2.5 baths,"1,761 sq ft","1,761",,,12750,,,
,Corona,Houses,CA,92879,"754 Lassen Dr Corona, CA 92879",https://www.apartments.com/754-lassen-dr-corona-ca/eb54jlm/,3 baths,"2,012 sq ft","2,012",,,,,5800,
,Los Angeles,Houses,CA,90018,"3511 S Bronson Ave Los Angeles, CA 90018",https://www.apartments.com/3511-s-bronson-ave-los-angeles-ca/wbrk0xl/,1 bath,980 sq ft,980,,3800,,,,
2500,Los Angeles,Houses,CA,91606,"6725 St Clair Ave Los Angeles, CA 91606",https://www.apartments.com/6725-st-clair-ave-los-angeles-ca/zth6cnx/,1 bath,700 sq ft,700,,,,,,
,Brentwood,Houses,CA,94513,"1017 Finn Way Brentwood, CA 94513",https://www.apartments.com/1017-finn-way-brentwood-ca/xe155mq/,3 baths,"2,651 sq ft","2,651",,,,,3400,
,Sacramento,Houses,CA,95833,"3012 Bergamo Ct Sacramento, CA 95833",https://www.apartments.com/3012-bergamo-ct-sacramento-ca/3d9y60f/,2.5 baths,"2,500 sq ft","2,500",,,3795,,,
,Davis,Houses,CA,95616,"2715 Ottowa Ave Davis, CA 95616",https://www.apartments.com/2715-ottowa-ave-davis-ca/sx9j1w5/,1.5 baths,"1,100 sq ft","1,100",,,,3295,,
,Folsom,Houses,CA,95630,"677 Addison Ln Folsom, CA 95630",https://www.apartments.com/677-addison-ln-folsom-ca/d3mq9kk/,3.5 baths,"2,527 sq ft","2,527",,,,,4195,
,Sacramento,Houses,CA,95834,"4 Great Egret Ct Sacramento, CA 95834",https://www.apartments.com/4-great-egret-ct-sacramento-ca/7tmd6fx/,2 baths,"1,900 sq ft","1,900",,,4295,,,
,Sacramento,Houses,CA,95835,"5254 Moonlit Bay Way Sacramento, CA 95835",https://www.apartments.com/5254-moonlit-bay-way-sacramento-ca/7ehk33w/,2.5 baths,"2,300 sq ft","2,300",,,,,4195,
,Sacramento,Houses,CA,95834,"240 Alboran Sea Cir Sacramento, CA 95834",https://www.apartments.com/240-alboran-sea-cir-sacramento-ca/hf7qxt1/,2.5 baths,"1,700 sq ft","1,700",,,3995,,,
,San Rafael,Houses,CA,94903,"25 Bonsai Ct San Rafael, CA 94903",https://www.apartments.com/25-bonsai-ct-san-rafael-ca/nqwferq/,2.5 baths,"1,996 sq ft","1,996",,,,4850,,
,San Rafael,Houses,CA,94903,"25 Bonsai Ct San Rafael, CA 94903",https://www.apartments.com/25-bonsai-ct-san-rafael-ca/nqwferq/,2.5 baths,"1,996 sq ft","1,996",,,,4850,,
,Los Angeles,Houses,CA,90034,"10831 Woodbine St Los Angeles, CA 90034",https://www.apartments.com/10831-woodbine-st-los-angeles-ca/fbv3kws/,1 bath,"1,124 sq ft","1,124",,3500,,,,
,Carmel,Houses,CA,93923,"3256 Martin Rd Carmel, CA 93923",https://www.apartments.com/3256-martin-rd-carmel-ca/skk5106/,2 baths,"2,025 sq ft","2,025",,,,15000,,
1200,Sunnyvale,Houses,CA,94085,"651 BERNAL AVE Sunnyvale, CA 94085",https://www.apartments.com/651-bernal-ave-sunnyvale-ca/g3t6egz/,1 bath,200 sq ft,200,,,,,,
1250,Sunnyvale,Houses,CA,94085,"651 BERNAL AVE Sunnyvale, CA 94085",https://www.apartments.com/651-bernal-ave-sunnyvale-ca/w7cgj4k/,1 bath,250 sq ft,250,,,,,,
,Los Angeles,Houses,CA,90068,"6030 Linforth Dr Los Angeles, CA 90068",https://www.apartments.com/6030-linforth-dr-los-angeles-ca/8b0ser1/,6 baths,"4,750 sq ft","4,750",,,15000,,,
,Sacramento,Houses,CA,95838,"3617 Willow St Sacramento, CA 95838",https://www.apartments.com/3617-willow-st-sacramento-ca/jpxnzp5/,1 bath,800 sq ft,800,,1475,,,,
,Redding,Houses,CA,96003,"878 Fountain Cir Redding, CA 96003",https://www.apartments.com/878-fountain-cir-redding-ca/5071s9q/,1 bath,600 sq ft,600,,1900,,,,
,Chula Vista,Houses,CA,91915,"2852 Bear Valley Rd Chula Vista, CA 91915",https://www.apartments.com/2852-bear-valley-rd-chula-vista-ca/p1280ts/,2.5 baths,"1,651 sq ft","1,651",,,,3200,,
,Redondo Beach,Houses,CA,90277,"430 S Pacific Coast Hwy Redondo Beach, CA 90277",https://www.apartments.com/430-s-pacific-coast-hwy-redondo-beach-ca/1wkm506/,1.5 baths,"1,200 sq ft","1,200",,,,3400,,
,Los Angeles,Houses,CA,90035,"913 Le Doux Rd Los Angeles, CA 90035",https://www.apartments.com/913-le-doux-rd-los-angeles-ca/gw31djy/,2 baths,"1,900 sq ft","1,900",,,,3700,,
,Hawthorne,Houses,CA,90250,"5518 W 138th St Hawthorne, CA 90250",https://www.apartments.com/5518-w-138th-st-hawthorne-ca/f0wwetr/,1.5 baths,"1,098 sq ft","1,098",,,,3700,,
,Santa Monica,Houses,CA,90405,"2429 33rd St Santa Monica, CA 90405",https://www.apartments.com/2429-33rd-st-santa-monica-ca/wq9773h/,2 baths,"1,468 sq ft","1,468",,,,6400,,
950,Santa Clarita,Houses,CA,91351,"27959 Calypso Ln Santa Clarita, CA 91351",https://www.apartments.com/27959-calypso-ln-santa-clarita-ca/lzzmxrg/,1 bath,450 sq ft,450,,,,,,
,Granada Hills,Houses,CA,91344,"11046 Amestoy Ave Granada Hills, CA 91344",https://www.apartments.com/11046-amestoy-ave-granada-hills-ca/0f5hnn3/,2 baths,"1,354 sq ft","1,354",,,,3250,,
3250,Los Angeles,Houses,CA,90025,"1847 Pandora Ave Los Angeles, CA 90025",https://www.apartments.com/1847-pandora-ave-los-angeles-ca/62q9w7r/,2 baths,"1,250 sq ft","1,250",,,,,,
,Boron,Houses,CA,93516,"27060 Twenty Mule Team Rd Boron, CA 93516",https://www.apartments.com/27060-twenty-mule-team-rd-boron-ca/p6my9zt/,1 bath,550 sq ft,550,,650,,,,
,Burbank,Houses,CA,91501,"929 E Harvard Rd Burbank, CA 91501",https://www.apartments.com/929-e-harvard-rd-burbank-ca/q0t6c4w/,1.5 baths,850 sq ft,850,,2800,,,,
,San Bruno,Houses,CA,94066,"205 Forest Ln San Bruno, CA 94066",https://www.apartments.com/205-forest-ln-san-bruno-ca/whg79ml/,1 bath,"1,027 sq ft","1,027",,3150,,,,
,Long Beach,Houses,CA,90815,"2087 Fidler Ave Long Beach, CA 90815",https://www.apartments.com/2087-fidler-ave-long-beach-ca/r32jdx2/,1 bath,919 sq ft,919,,1800,,,,
,Whittier,Houses,CA,90602,"8023 Washington Ave Whittier, CA 90602",https://www.apartments.com/8023-washington-ave-whittier-ca/2p6rxqb/,1 bath,288 sq ft,288,,,,,,1550
,Imperial Beach,Houses,CA,91932,"1229 Grove Ave Imperial Beach, CA 91932",https://www.apartments.com/1229-grove-ave-imperial-beach-ca/zy2xenx/,1 bath,"1,000 sq ft","1,000",,2395,,,,
,Studio City,Houses,CA,91604,"3901 Alta Mesa Dr Studio City, CA 91604",https://www.apartments.com/3901-alta-mesa-dr-studio-city-ca/9r3w165/,3.5 baths,"3,262 sq ft","3,262",,,14500,,,
,Los Angeles,Houses,CA,90064,"2600 Kelton Ave Los Angeles, CA 90064",https://www.apartments.com/2600-kelton-ave-los-angeles-ca/31z92mf/,2 baths,"1,309 sq ft","1,309",,,,5850,,
,Hopland,Houses,CA,95449,"1020 Highway 175 Hopland, CA 95449",https://www.apartments.com/1020-highway-175-hopland-ca/zbc3f6z/,2 baths,"1,300 sq ft","1,300",,,,2600,,
,Los Angeles,Houses,CA,90031,"223 E Ave 39 Ave Los Angeles, CA 90031",https://www.apartments.com/223-e-ave-39-ave-los-angeles-ca/0fl6qw1/,2 baths,"1,000 sq ft","1,000",,,,3200,,
,Woodland Hills,Houses,CA,91364,"21021 Costanso St Woodland Hills, CA 91364",https://www.apartments.com/21021-costanso-st-woodland-hills-ca/rplqbq0/,3 baths,"2,000 sq ft","2,000",,,,4800,,
,Los Angeles,Houses,CA,90033,"156 S Pecan St Los Angeles, CA 90033",https://www.apartments.com/156-s-pecan-st-los-angeles-ca/pje6hvs/,2 baths,"1,150 sq ft","1,150",,,3395,,,
,La Jolla,Houses,CA,92037,"8285 El Paseo Grande La Jolla, CA 92037",https://www.apartments.com/8285-el-paseo-grande-la-jolla-ca/l6rds5f/,5 baths,"4,000 sq ft","4,000",,,,,12000,
,Venice,Houses,CA,90291,"829 Rose Ave Venice, CA 90291",https://www.apartments.com/829-rose-ave-venice-ca/fttchrv/,1 bath,300 sq ft,300,,,,,,1980
,San Diego,Houses,CA,92117,"4718 Chickasaw Ct San Diego, CA 92117",https://www.apartments.com/4718-chickasaw-ct-san-diego-ca/7cxvhex/,1 bath,760 sq ft,760,,3000,,,,
,Canyon Lake,Houses,CA,92587,"28740 Goetz Rd Canyon Lake, CA 92587",https://www.apartments.com/28740-goetz-rd-canyon-lake-ca/kfyg6pc/,2 baths,"1,760 sq ft","1,760",,,2600,,,
,West Hills,Houses,CA,91307,"6662 Sedan Ave West Hills, CA 91307",https://www.apartments.com/6662-sedan-ave-west-hills-ca/37v95we/,1 bath,400 sq ft,400,,,,,,1550
,Poway,Houses,CA,92064,"15002 Heath Dr Poway, CA 92064",https://www.apartments.com/15002-heath-dr-poway-ca/hvswhm0/,2 baths,"1,650 sq ft","1,650",,,4150,,,
,Seaside,Houses,CA,93955,"1776 Mescal St Seaside, CA 93955",https://www.apartments.com/1776-mescal-st-seaside-ca/ct7h6pe/,2.5 baths,"2,141 sq ft","2,141",,,4800,,,
1450,Los Angeles,Houses,CA,91406,"7471 Encino Ave Los Angeles, CA 91406",https://www.apartments.com/7471-encino-ave-los-angeles-ca/1nqlzs7/,1 bath,350 sq ft,350,,,,,,
,San Pedro,Houses,CA,90731,"1433 S Mesa St San Pedro, CA 90731",https://www.apartments.com/1433-s-mesa-st-san-pedro-ca/lcqktmg/,2 baths,"1,284 sq ft","1,284",,,,3200,,
,East Palo Alto,Houses,CA,94303,"2076 Oakwood Dr East Palo Alto, CA 94303",https://www.apartments.com/2076-oakwood-dr-east-palo-alto-ca/95gky76/,2 baths,"1,100 sq ft","1,100",,3550,,,,
,West Hollywood,Houses,CA,90069,"9036 Dicks St West Hollywood, CA 90069",https://www.apartments.com/9036-dicks-st-west-hollywood-ca/88m63d2/,3 baths,"1,400 sq ft","1,400",,,,9400,,
,Los Angeles,Houses,CA,90039,"3823 Valleybrink Rd Los Angeles, CA 90039",https://www.apartments.com/3823-valleybrink-rd-los-angeles-ca/p4ph97t/,4 baths,"1,800 sq ft","1,800",,,,6500,,
,Fresno,Houses,CA,93737,"3053 N Stanley Ave Fresno, CA 93737",https://www.apartments.com/3053-n-stanley-ave-fresno-ca/fpese3s/,2 baths,"1,600 sq ft","1,600",,,,2450,,
,Fillmore,Houses,CA,93015,"751 Central Ave Fillmore, CA 93015",https://www.apartments.com/751-central-ave-fillmore-ca/epy590n/,2 baths,"1,624 sq ft","1,624",,,3000,,,
,Hayward,Houses,CA,94545,"2173 Laguna Dr Hayward, CA 94545",https://www.apartments.com/2173-laguna-dr-hayward-ca/12tf4g5/,3 baths,"2,126 sq ft","2,126",,,,,4600,
,Hayward,Houses,CA,94544,"26027 Tarragon St Hayward, CA 94544",https://www.apartments.com/26027-tarragon-st-hayward-ca/yrqt6vr/,2.5 baths,"1,741 sq ft","1,741",,,4100,,,
,Los Angeles,Houses,CA,90039,"3042 Atwater Ave Los Angeles, CA 90039",https://www.apartments.com/3042-atwater-ave-los-angeles-ca/z0mrwqw/,2 baths,"1,400 sq ft","1,400",,,,4195,,
,Los Angeles,Houses,CA,90038,"826 N Citrus Ave Los Angeles, CA 90038",https://www.apartments.com/826-n-citrus-ave-los-angeles-ca/vtbvh3f/,1 bath,400 sq ft,400,,,,,,1500
,Newport Beach,Houses,CA,92660,"435 Vista Suerte Newport Beach, CA 92660",https://www.apartments.com/435-vista-suerte-newport-beach-ca/p1l95sv/,3.5 baths,"2,700 sq ft","2,700",,,,,6800,
2100,Simi Valley,Houses,CA,93063,"3361 Wichita Falls Ave Simi Valley, CA 93063",https://www.apartments.com/3361-wichita-falls-ave-simi-valley-ca/p0fx1ts/,1 bath,450 sq ft,450,,,,,,
,West Hollywood,Houses,CA,90046,"903 N La Jolla Ave West Hollywood, CA 90046",https://www.apartments.com/903-n-la-jolla-ave-west-hollywood-ca/344m9kg/,1 bath,450 sq ft,450,,,,,,1950
1450,Millbrae,Houses,CA,94030,"930 Hillcrest Blvd Millbrae, CA 94030",https://www.apartments.com/930-hillcrest-blvd-millbrae-ca/t3svcrb/,1 bath,300 sq ft,300,,,,,,
,Spring Valley,Houses,CA,91977,"1223 Maria Ave Spring Valley, CA 91977",https://www.apartments.com/1223-maria-ave-spring-valley-ca/wmz80fl/,2.5 baths,"2,100 sq ft","2,100",,,,3100,,
,San Mateo,Houses,CA,94403,"3973 ONeill Drive San Mateo, CA 94403",https://www.apartments.com/3973-oneill-drive-san-mateo-ca/36wymme/,1 bath,860 sq ft,860,,3900,,,,
,Los Angeles,Houses,CA,90023,"962 S Breed St Los Angeles, CA 90023",https://www.apartments.com/962-s-breed-st-los-angeles-ca/c49lzse/,1 bath,"1,000 sq ft","1,000",,,,2800,,
,Riverside,Houses,CA,92507,"1402 Abernathy Dr Riverside, CA 92507",https://www.apartments.com/1402-abernathy-dr-riverside-ca/mpwl3kk/,2.5 baths,"2,207 sq ft","2,207",,,3195,,,
,El Cajon,Houses,CA,92021,"13746 Gateway View Dr El Cajon, CA 92021",https://www.apartments.com/13746-gateway-view-dr-el-cajon-ca/mbnqphl/,2.5 baths,"1,717 sq ft","1,717",,,3200,,,
,Studio City,Houses,CA,91604,"4311 Lemp Ave Studio City, CA 91604",https://www.apartments.com/4311-lemp-ave-studio-city-ca/344zlee/,3.5 baths,"3,434 sq ft","3,434",,,13000,,,
,Woodland Hills,Houses,CA,91367,"22744 Clarendon St Woodland Hills, CA 91367",https://www.apartments.com/22744-clarendon-st-woodland-hills-ca/n0nv8vp/,2.5 baths,"2,475 sq ft","2,475",,,,,5850,
,Redondo Beach,Houses,CA,90278,"1721 Van Horne Ln Redondo Beach, CA 90278",https://www.apartments.com/1721-van-horne-ln-redondo-beach-ca/yc4l9hs/,1 bath,"1,200 sq ft","1,200",,3200,,,,
,Temecula,Houses,CA,92591,"41285 Bravos Ct Temecula, CA 92591",https://www.apartments.com/41285-bravos-ct-temecula-ca/dl6r5zj/,3 baths,"2,272 sq ft","2,272",,,3950,,,
1695,Los Angeles,Houses,CA,90043,"6108 10th Ave Los Angeles, CA 90043",https://www.apartments.com/6108-10th-ave-los-angeles-ca/h1k6nz2/,1 bath,850 sq ft,850,,,,,,
1600,Los Angeles,Houses,CA,90001,"710 E 85th St Los Angeles, CA 90001",https://www.apartments.com/710-e-85th-st-los-angeles-ca/wl4qgcl/,1 bath,450 sq ft,450,,,,,,
2350,San Francisco,Houses,CA,94122,"1827 14th Ave San Francisco, CA 94122",https://www.apartments.com/1827-14th-ave-san-francisco-ca/4t0dk4j/,1 bath,900 sq ft,900,,,,,,
,San Francisco,Houses,CA,94122,"1274 45th Ave San Francisco, CA 94122",https://www.apartments.com/1274-45th-ave-san-francisco-ca/tccdt3b/,1 bath,800 sq ft,800,,2450,,,,
,Los Angeles,Houses,CA,90066,"12950 Admiral Ave Los Angeles, CA 90066",https://www.apartments.com/12950-admiral-ave-los-angeles-ca/jzj5074/,2 baths,"1,230 sq ft","1,230",,,,4700,,
,Los Angeles,Houses,CA,90026,"345 N Occidental Blvd Los Angeles, CA 90026",https://www.apartments.com/345-n-occidental-blvd-los-angeles-ca/049d1e2/,2 baths,"1,550 sq ft","1,550",,,,3900,,
,Adelanto,Houses,CA,92301,"15226 Lynch Ct Adelanto, CA 92301",https://www.apartments.com/15226-lynch-ct-adelanto-ca/enqkjcm/,1.5 baths,"1,100 sq ft","1,100",,,,1832,,
,Poway,Houses,CA,92064,"15450 Markar Rd Poway, CA 92064",https://www.apartments.com/15450-markar-rd-poway-ca/v1nl5ce/,5.5 baths,"7,259 sq ft","7,259",14500,,,,,
900,Sunnyvale,Houses,CA,94085,"557 Cypress Ave Sunnyvale, CA 94085",https://www.apartments.com/557-cypress-ave-sunnyvale-ca/p92pdks/,1 bath,111 sq ft,111,,,,,,
,Lancaster,Houses,CA,93534,"44434 Elm Ave Lancaster, CA 93534",https://www.apartments.com/44434-elm-ave-lancaster-ca/jb195p7/,2 baths,"2,069 sq ft","2,069",,,3000,,,
1900,Glendale,Houses,CA,91201,"1321 Elm Ave Glendale, CA 91201",https://www.apartments.com/1321-elm-ave-glendale-ca/vvqnlqe/,1 bath,800 sq ft,800,,,,,,
1275,Roseville,Houses,CA,95678,"607 Lawton Ave Roseville, CA 95678",https://www.apartments.com/607-lawton-ave-roseville-ca/w7807sl/,1 bath,600 sq ft,600,,,,,,
,Hermosa Beach,Houses,CA,90254,"1129 2nd St Hermosa Beach, CA 90254",https://www.apartments.com/1129-2nd-st-hermosa-beach-ca/kxglls8/,0.5 bath,"2,970 sq ft","2,970",,,,6500,,
,Los Angeles,Houses,CA,90066,"11828 Avon Way Los Angeles, CA 90066",https://www.apartments.com/11828-avon-way-los-angeles-ca/09kq5k3/,1 bath,"1,600 sq ft","1,600",,,,3800,,
,Palo Alto,Houses,CA,94306,"750 Arastradero Rd Palo Alto, CA 94306",https://www.apartments.com/750-arastradero-rd-palo-alto-ca/dpqkqkl/,3 baths,"2,700 sq ft","2,700",,,,,9800,
1650,Gardena,Houses,CA,90249,"15322 Chanera Ave Gardena, CA 90249",https://www.apartments.com/15322-chanera-ave-gardena-ca/5ks37bq/,1 bath,500 sq ft,500,,,,,,
,San Jose,Houses,CA,95123,"5970 Larkstone Loop San Jose, CA 95123",https://www.apartments.com/5970-larkstone-loop-san-jose-ca/nkvl76q/,3.5 baths,"2,205 sq ft","2,205",,,4000,,,
,San Francisco,Houses,CA,94122,"1232 46th Ave San Francisco, CA 94122",https://www.apartments.com/1232-46th-ave-san-francisco-ca/nke25bm/,1 bath,"1,500 sq ft","1,500",,2800,,,,
,Long Beach,Houses,CA,90804,"3025 E 17th St Long Beach, CA 90804",https://www.apartments.com/3025-e-17th-st-long-beach-ca/hvtbvk0/,1 bath,900 sq ft,900,,2600,,,,
,Santa Clara,Houses,CA,95054,"4638 Wilcox Ave Santa Clara, CA 95054",https://www.apartments.com/4638-wilcox-ave-santa-clara-ca/s82gfd6/,2.5 baths,"1,351 sq ft","1,351",,,,3700,,
,Fremont,Houses,CA,94555,"3447 Baskerville Rd Fremont, CA 94555",https://www.apartments.com/3447-baskerville-rd-fremont-ca/3456ghg/,3 baths,"1,474 sq ft","1,474",,,3500,,,
,Los Angeles,Houses,CA,90049,"119 S Bundy Dr Los Angeles, CA 90049",https://www.apartments.com/119-s-bundy-dr-los-angeles-ca/8vep4m0/,1 bath,"1,000 sq ft","1,000",,,,3500,,
,Altadena,Houses,CA,91001,"1968 El Molino Ave Altadena, CA 91001",https://www.apartments.com/1968-el-molino-ave-altadena-ca/34xpjme/,1 bath,"1,026 sq ft","1,026",,4950,,,,
,Los Angeles,Houses,CA,90068,"2733 Belden Dr Los Angeles, CA 90068",https://www.apartments.com/2733-belden-dr-los-angeles-ca/4lyqr0j/,3.5 baths,"2,300 sq ft","2,300",,,,10000,,
,Los Angeles,Houses,CA,90019,"1350 S Curson Ave Los Angeles, CA 90019",https://www.apartments.com/1350-s-curson-ave-los-angeles-ca/3p628pf/,3 baths,"2,007 sq ft","2,007",,,,5995,,
,Los Angeles,Houses,CA,90036,"147 N Poinsettia Pl Los Angeles, CA 90036",https://www.apartments.com/147-n-poinsettia-pl-los-angeles-ca/g78b48w/,2 baths,"2,060 sq ft","2,060",,,,5900,,
2250,Los Angeles,Houses,CA,90016,"1900 Hauser Blvd Los Angeles, CA 90016",https://www.apartments.com/1900-hauser-blvd-los-angeles-ca/qcyjvwz/,1 bath,650 sq ft,650,,,,,,
1100,Livermore,Houses,CA,94550,"2888 Patcham Cmn Livermore, CA 94550",https://www.apartments.com/2888-patcham-cmn-livermore-ca/sr1ztw7/,1 bath,120 sq ft,120,,,,,,
2200,Los Angeles,Houses,CA,90016,"5619 Blackwelder St Los Angeles, CA 90016",https://www.apartments.com/5619-blackwelder-st-los-angeles-ca/ttved1c/,1 bath,500 sq ft,500,,,,,,
,Culver City,Houses,CA,90232,"4307 Mentone Ave Culver City, CA 90232",https://www.apartments.com/4307-mentone-ave-culver-city-ca/m9wz37j/,2 baths,"1,500 sq ft","1,500",,,,6500,,
,Los Angeles,Houses,CA,90043,"3416 W 59th St Los Angeles, CA 90043",https://www.apartments.com/3416-w-59th-st-los-angeles-ca/nwqvspp/,1 bath,"1,100 sq ft","1,100",,,,2300,,
,Los Angeles,Houses,CA,90041,"4569 Paulhan Ave Los Angeles, CA 90041",https://www.apartments.com/4569-paulhan-ave-los-angeles-ca/gttkk9x/,1 bath,780 sq ft,780,,2800,,,,
1350,Los Angeles,Houses,CA,90066,"4275 Grand View Blvd Los Angeles, CA 90066",https://www.apartments.com/4275-grand-view-blvd-los-angeles-ca/rj5qxc1/,1 bath,125 sq ft,125,,,,,,
,Santa Monica,Houses,CA,90403,"1142 16th St Santa Monica, CA 90403",https://www.apartments.com/1142-16th-st-santa-monica-ca/08yjl41/,2 baths,"1,800 sq ft","1,800",,,,5950,,
,Playa del Rey,Houses,CA,90293,"8254 Billowvista Dr Playa del Rey, CA 90293",https://www.apartments.com/8254-billowvista-dr-playa-del-rey-ca/q8sen2y/,2 baths,985 sq ft,985,,5750,,,,
1300,Fremont,Houses,CA,94536,"4676 Capitan Dr Fremont, CA 94536",https://www.apartments.com/4676-capitan-dr-fremont-ca/6es67er/,0.5 bath,"1,100 sq ft","1,100",,,,,,
,San Pedro,Houses,CA,90731,"146 N Marshall Ct San Pedro, CA 90731",https://www.apartments.com/146-n-marshall-ct-san-pedro-ca/0v1n5h0/,1.5 baths,750 sq ft,750,,2250,,,,
,Woodland Hills,Houses,CA,91367,"23352 Erwin St Woodland Hills, CA 91367",https://www.apartments.com/23352-erwin-st-woodland-hills-ca/912y6c5/,2 baths,"1,778 sq ft","1,778",,,,4150,,
,Los Angeles,Houses,CA,90031,"3107 Eva Ter Los Angeles, CA 90031",https://www.apartments.com/3107-eva-ter-los-angeles-ca/e4lvevm/,2 baths,"1,150 sq ft","1,150",,3150,,,,
,Los Angeles,Houses,CA,90046,"2657 Zorada Dr Los Angeles, CA 90046",https://www.apartments.com/2657-zorada-dr-los-angeles-ca/vrbz6gg/,3 baths,"2,800 sq ft","2,800",,,9950,,,
,Hermosa Beach,Houses,CA,90254,"2141 Loma Dr Hermosa Beach, CA 90254",https://www.apartments.com/2141-loma-dr-hermosa-beach-ca/tcppzk9/,1.5 baths,"1,100 sq ft","1,100",,4500,,,,
,El Segundo,Houses,CA,90245,"439 Standard St El Segundo, CA 90245",https://www.apartments.com/439-standard-st-el-segundo-ca/9p5eqn5/,1 bath,"1,255 sq ft","1,255",,3100,,,,
,San Diego,Houses,CA,92154,"1062 Sea Glass Way San Diego, CA 92154",https://www.apartments.com/1062-sea-glass-way-san-diego-ca/gmpwppz/,2.5 baths,"1,720 sq ft","1,720",,,,3495,,
,Studio City,Houses,CA,91604,"3908 Carpenter Ave Studio City, CA 91604",https://www.apartments.com/3908-carpenter-ave-studio-city-ca/j2s18s5/,3 baths,"2,900 sq ft","2,900",,,8900,,,
,Los Angeles,Houses,CA,90027,"2123 Hyperion Ave Los Angeles, CA 90027",https://www.apartments.com/2123-hyperion-ave-los-angeles-ca/cljmbqd/,3 baths,"1,800 sq ft","1,800",,,,5500,,
,Los Angeles,Houses,CA,90027,"3730 Amesbury Rd Los Angeles, CA 90027",https://www.apartments.com/3730-amesbury-rd-los-angeles-ca/d4m3vnh/,1 bath,550 sq ft,550,,,,,,2450
,Torrance,Houses,CA,90504,"3818 W 173rd St Torrance, CA 90504",https://www.apartments.com/3818-w-173rd-st-torrance-ca/b4qsjqc/,2 baths,"1,500 sq ft","1,500",,,3500,,,
,San Jose,Houses,CA,95126,"1277 Dahlia Loop San Jose, CA 95126",https://www.apartments.com/1277-dahlia-loop-san-jose-ca/ndcq9np/,2.5 baths,"1,475 sq ft","1,475",,,,3795,,
,Redondo Beach,Houses,CA,90277,"906 S Pacific Coast Hwy Redondo Beach, CA 90277",https://www.apartments.com/906-s-pacific-coast-hwy-redondo-beach-ca/plhmz4v/,1 bath,"1,100 sq ft","1,100",,3500,,,,
,Torrance,Houses,CA,90504,"3236 187th Pl Torrance, CA 90504",https://www.apartments.com/3236-187th-pl-torrance-ca/x9gydmp/,3 baths,"1,640 sq ft","1,640",,,4400,,,
1525,Pasadena,Houses,CA,91103,"501 MacDonald St Pasadena, CA 91103",https://www.apartments.com/501-macdonald-st-pasadena-ca/06d5cn2/,1 bath,"1,320 sq ft","1,320",,2800,,,,
,Los Angeles,Houses,CA,90008,"3920 Virginia Rd Los Angeles, CA 90008",https://www.apartments.com/3920-virginia-rd-los-angeles-ca/bk8svgb/,1 bath,"1,214 sq ft","1,214",,3000,,,,
4999,Los Angeles,Houses,CA,91604,"4323 Laurelgrove Ave Los Angeles, CA 91604",https://www.apartments.com/4323-laurelgrove-ave-los-angeles-ca/3097syf/,1 bath,700 sq ft,700,,,,,,
,Los Angeles,Houses,CA,90004,"120 S Catalina St Los Angeles, CA 90004",https://www.apartments.com/120-s-catalina-st-los-angeles-ca/d80t6tk/,2 baths,"1,200 sq ft","1,200",,2500,,,,
,Beverly Hills,Houses,CA,90211,"446 S Almont Dr Beverly Hills, CA 90211",https://www.apartments.com/446-s-almont-dr-beverly-hills-ca/y2dtlms/,2.5 baths,"2,000 sq ft","2,000",,,,11000,,
1995,Los Angeles,Houses,CA,90034,"3284 Veteran Ave Los Angeles, CA 90034",https://www.apartments.com/3284-veteran-ave-los-angeles-ca/zysb5zw/,1 bath,116 sq ft,116,,,,,,
,Benicia,Houses,CA,94510,"50 La Cruz Ave Benicia, CA 94510",https://www.apartments.com/50-la-cruz-ave-benicia-ca/m7kh2gj/,3 baths,"2,500 sq ft","2,500",,,,,5000,
,Redondo Beach,Houses,CA,90277,"700 N Irena Ave Redondo Beach, CA 90277",https://www.apartments.com/700-n-irena-ave-redondo-beach-ca/lpf9gvg/,2 baths,"2,015 sq ft","2,015",,,,7920,,
,Santa Monica,Houses,CA,90405,"2460 Beverley Ave Santa Monica, CA 90405",https://www.apartments.com/2460-beverley-ave-santa-monica-ca/779px5z/,2 baths,"2,200 sq ft","2,200",,12000,,,,
3150,Mountain View,Houses,CA,94040,"135 Carmelita Dr Mountain View, CA 94040",https://www.apartments.com/135-carmelita-dr-mountain-view-ca/fsvbj3r/,1 bath,875 sq ft,875,,,,,,
,La Quinta,Houses,CA,92253,"79953 Rancho La Quinta Dr La Quinta, CA 92253",https://www.apartments.com/79953-rancho-la-quinta-dr-la-quinta-ca/cdm6grd/,4 baths,"3,052 sq ft","3,052",,,,,15000,
,Gardena,Houses,CA,90247,"815 W 134th St Gardena, CA 90247",https://www.apartments.com/815-w-134th-st-gardena-ca/6zv7fts/,2 baths,925 sq ft,925,,,,3100,,
,Manhattan Beach,Houses,CA,90266,"2005 N Meadows Ave Manhattan Beach, CA 90266",https://www.apartments.com/2005-n-meadows-ave-manhattan-beach-ca/7djw1zw/,4 baths,"3,510 sq ft","3,510",,,10400,,,
,Campbell,Houses,CA,95008,"1071 Shamrock Dr Campbell, CA 95008",https://www.apartments.com/1071-shamrock-dr-campbell-ca/7h50rpx/,1 bath,"1,000 sq ft","1,000",,4750,,,,
1100,San Jose,Houses,CA,95124,"3142 Kirk Rd San Jose, CA 95124",https://www.apartments.com/3142-kirk-rd-san-jose-ca/yjhz11v/,2 baths,"1,500 sq ft","1,500",,,,,,
,San Francisco,Houses,CA,94110,"47 Duncan St San Francisco, CA 94110",https://www.apartments.com/47-duncan-st-san-francisco-ca/vzyg74e/,1.5 baths,"1,500 sq ft","1,500",,4500,,,,
,Venice,Houses,CA,90291,"636 Vernon Ave Venice, CA 90291",https://www.apartments.com/636-vernon-ave-venice-ca/jjr4qy5/,1.5 baths,"1,200 sq ft","1,200",,5900,,,,
,Los Angeles,Houses,CA,90066,"3855 Albright Ave Los Angeles, CA 90066",https://www.apartments.com/3855-albright-ave-los-angeles-ca/4p652zh/,2 baths,"1,142 sq ft","1,142",,,,4750,,
,Los Angeles,Houses,CA,90064,"2743 Kelton Ave Los Angeles, CA 90064",https://www.apartments.com/2743-kelton-ave-los-angeles-ca/0bhh8e1/,2 baths,"1,700 sq ft","1,700",,,,5000,,
,Los Angeles,Houses,CA,90019,"1533 S Dunsmuir Ave Los Angeles, CA 90019",https://www.apartments.com/1533-s-dunsmuir-ave-los-angeles-ca/t3wjhec/,1 bath,"1,000 sq ft","1,000",,3500,,,,
1770,Los Angeles,Houses,CA,90019,"1354 S Redondo Blvd Los Angeles, CA 90019",https://www.apartments.com/1354-s-redondo-blvd-los-angeles-ca/d6r0mlj/,1 bath,700 sq ft,700,,,,,,
,Whittier,Houses,CA,90603,"10632 Claridge Plz Whittier, CA 90603",https://www.apartments.com/10632-claridge-plz-whittier-ca/lxhvq3d/,2 baths,"1,750 sq ft","1,750",,,,2900,,
,Lancaster,Houses,CA,93535,"44238 Carolside Ave Lancaster, CA 93535",https://www.apartments.com/44238-carolside-ave-lancaster-ca/3b5cfmg/,1 bath,"1,436 sq ft","1,436",,,,1900,,
,Campbell,Houses,CA,95008,"1057 Shamrock Dr Campbell, CA 95008",https://www.apartments.com/1057-shamrock-dr-campbell-ca/wrsb2bl/,3 baths,"1,800 sq ft","1,800",,,,5500,,
,West Hollywood,Houses,CA,90046,"1622 N Sierra Bonita Ave West Hollywood, CA 90046",https://www.apartments.com/1622-n-sierra-bonita-ave-west-hollywood-ca/dqsjrkl/,3 baths,"3,000 sq ft","3,000",,,,9000,,
,Los Angeles,Houses,CA,90003,"157 W 83rd St Los Angeles, CA 90003",https://www.apartments.com/157-w-83rd-st-los-angeles-ca/pps2dvv/,2 baths,"2,000 sq ft","2,000",5250,,,,,
,Pleasanton,Houses,CA,94566,"1622 Tanglewood Ct Pleasanton, CA 94566",https://www.apartments.com/1622-tanglewood-ct-pleasanton-ca/66xcm2s/,2 baths,"1,976 sq ft","1,976",,,4995,,,
,Los Angeles,Houses,CA,90077,"1552 Crater Ln Los Angeles, CA 90077",https://www.apartments.com/1552-crater-ln-los-angeles-ca/4th0n5j/,2 baths,"1,600 sq ft","1,600",,5300,,,,
,Los Angeles,Houses,CA,90046,"749 N Crescent Heights Blvd Los Angeles, CA 90046",https://www.apartments.com/749-n-crescent-heights-blvd-los-angeles-ca/x2x4c8n/,2 baths,"1,800 sq ft","1,800",,,7900,,,
,Dublin,Houses,CA,94568,"5615 Springvale Dr Dublin, CA 94568",https://www.apartments.com/5615-springvale-dr-dublin-ca/vlv7npf/,1 bath,"2,500 sq ft","2,500",,995,,,,
,Los Angeles,Houses,CA,90004,"4503 Rosewood Ave Los Angeles, CA 90004",https://www.apartments.com/4503-rosewood-ave-los-angeles-ca/0m6xnw2/,1 bath,"1,488 sq ft","1,488",,,,2800,,
,Los Angeles,Houses,CA,90045,"7809 Flight Ave Los Angeles, CA 90045",https://www.apartments.com/7809-flight-ave-los-angeles-ca/d1sgkzk/,1 bath,800 sq ft,800,,3000,,,,
1400,Fillmore,Houses,CA,93015,"160 Santa Clara St Fillmore, CA 93015",https://www.apartments.com/160-santa-clara-st-fillmore-ca/mftds2k/,1 bath,700 sq ft,700,,,,,,
1700,Los Angeles,Houses,CA,91364,"4603 Romberg Pl Los Angeles, CA 91364",https://www.apartments.com/4603-romberg-pl-los-angeles-ca/zlwjy9w/,1 bath,550 sq ft,550,,,,,,
3000,Long Beach,Houses,CA,90808,"6102 E Scrivener St Long Beach, CA 90808",https://www.apartments.com/6102-e-scrivener-st-long-beach-ca/5w4m1qp/,1 bath,588 sq ft,588,,,,,,
,San Francisco,Houses,CA,94118,"163 14th Ave San Francisco, CA 94118",https://www.apartments.com/163-14th-ave-san-francisco-ca/3x0ltrg/,4 baths,"3,000 sq ft","3,000",8995,,,,,
1850,Van Nuys,Houses,CA,91406,"7052 Whitaker Ave Van Nuys, CA 91406",https://www.apartments.com/7052-whitaker-ave-van-nuys-ca/1pxjq44/,1 bath,400 sq ft,400,,,,,,
,West Hollywood,Houses,CA,90048,"6620 W 5th St West Hollywood, CA 90048",https://www.apartments.com/6620-w-5th-st-west-hollywood-ca/zsmf1zy/,3.5 baths,"4,000 sq ft","4,000",,,,23000,,
,Los Angeles,Houses,CA,91405,"14646 Kittridge St Los Angeles, CA 91405",https://www.apartments.com/14646-kittridge-st-los-angeles-ca/ftqwbtt/,4.5 baths,"2,600 sq ft","2,600",,,3800,,,
,Los Angeles,Houses,CA,90048,"6329 Warner Dr Los Angeles, CA 90048",https://www.apartments.com/6329-warner-dr-los-angeles-ca/m6qll9j/,2.5 baths,"1,744 sq ft","1,744",,,,5200,,
1890,Los Angeles,Houses,CA,90038,"827 McCadden N Pl Los Angeles, CA 90038",https://www.apartments.com/827-mccadden-n-pl-los-angeles-ca/bgsmvh8/,1 bath,800 sq ft,800,,,,,,
,Culver City,Houses,CA,90230,"5342 Ballona Ln Culver City, CA 90230",https://www.apartments.com/5342-ballona-ln-culver-city-ca/6pk9v5v/,2.5 baths,"1,942 sq ft","1,942",,,,6500,,
3000,Los Angeles,Houses,CA,90028,"6726 Leland Way Los Angeles, CA 90028",https://www.apartments.com/6726-leland-way-los-angeles-ca/dr0wkrh/,1 bath,690 sq ft,690,,,,,,
2699,Berkeley,Houses,CA,94703,"2504 Grant St Berkeley, CA 94703",https://www.apartments.com/2504-grant-st-berkeley-ca/5wmr8ym/,1 bath,500 sq ft,500,,,,,,
1795,North Hollywood,Houses,CA,91601,"4929 Cahuenga Blvd North Hollywood, CA 91601",https://www.apartments.com/4929-cahuenga-blvd-north-hollywood-ca/26p0ddb/,1 bath,750 sq ft,750,,,,,,
1795,North Hollywood,Houses,CA,91601,"4927 Cahuenga Blvd North Hollywood, CA 91601",https://www.apartments.com/4927-cahuenga-blvd-north-hollywood-ca/85mb4x3/,1 bath,750 sq ft,750,,,,,,
7000,Los Angeles,Houses,CA,90291,"2323 Grand Canal Los Angeles, CA 90291",https://www.apartments.com/2323-grand-canal-los-angeles-ca/1p4j006/,1 bath,900 sq ft,900,,,,,,
,Vallejo,Houses,CA,94590,"700 Sacramento St Vallejo, CA 94590",https://www.apartments.com/700-sacramento-st-vallejo-ca/frdzrtt/,2.5 baths,"1,750 sq ft","1,750",,,,3000,,
,Los Angeles,Houses,CA,90025,"2103 Holmby Ave Los Angeles, CA 90025",https://www.apartments.com/2103-holmby-ave-los-angeles-ca/6lw1vjv/,3 baths,"2,003 sq ft","2,003",,,7800,,,
,Merced,Houses,CA,95340,"1341 W Santa Fe Ave Merced, CA 95340",https://www.apartments.com/1341-w-santa-fe-ave-merced-ca/l1x8kwe/,1 bath,800 sq ft,800,,1000,,,,
,Escondido,Houses,CA,92026,"2173 W El Norte Pky Escondido, CA 92026",https://www.apartments.com/2173-w-el-norte-pky-escondido-ca/5yzgm6n/,2 baths,"1,689 sq ft","1,689",,,3350,,,
,Redondo Beach,Houses,CA,90278,"1723 Stanford Ave Redondo Beach, CA 90278",https://www.apartments.com/1723-stanford-ave-redondo-beach-ca/x0xp49n/,2 baths,"1,400 sq ft","1,400",,,,6500,,
,Van Nuys,Houses,CA,91405,"6619 Matilija Ave Van Nuys, CA 91405",https://www.apartments.com/6619-matilija-ave-van-nuys-ca/k9j0d08/,3 baths,"2,800 sq ft","2,800",,,5200,,,
1350,Los Angeles,Houses,CA,90046,"2366 Nichols Canyon Rd Los Angeles, CA 90046",https://www.apartments.com/2366-nichols-canyon-rd-los-angeles-ca/cjqrzvd/,1 bath,500 sq ft,500,,,,,,
,Berkeley,Houses,CA,94710,"1010 Allston Way Berkeley, CA 94710",https://www.apartments.com/1010-allston-way-berkeley-ca/zww2ney/,2 baths,"1,768 sq ft","1,768",,,,4595,,
,Citrus Heights,Houses,CA,95621,"7900 Rusch Dr Citrus Heights, CA 95621",https://www.apartments.com/7900-rusch-dr-citrus-heights-ca/gjx47wx/,1 bath,"1,350 sq ft","1,350",,,,2150,,
,Bakersfield,Houses,CA,93311,"10703 Sunset Ranch Dr Bakersfield, CA 93311",https://www.apartments.com/10703-sunset-ranch-dr-bakersfield-ca/kq375t9/,2 baths,"1,448 sq ft","1,448",,,,1750,,
,Pasadena,Houses,CA,91106,"138 S Bonnie Ave Pasadena, CA 91106",https://www.apartments.com/138-s-bonnie-ave-pasadena-ca/1qvv3w5/,1 bath,530 sq ft,530,,2275,,,,
,Los Angeles,Houses,CA,90024,"10514 Rochester Ave Los Angeles, CA 90024",https://www.apartments.com/10514-rochester-ave-los-angeles-ca/sl70ty6/,2 baths,"1,750 sq ft","1,750",,,,6500,,
,Los Altos,Houses,CA,94024,"810 Raymundo Ave Los Altos, CA 94024",https://www.apartments.com/810-raymundo-ave-los-altos-ca/jn4kvw5/,1 bath,250 sq ft,250,,,,,,1575
,Palm Springs,Houses,CA,92262,"835 Alta Rdg Palm Springs, CA 92262",https://www.apartments.com/835-alta-rdg-palm-springs-ca/5pdys0p/,2 baths,"2,300 sq ft","2,300",,,,3200,,
,Santa Clarita,Houses,CA,91387,"28800 Kenroy Ave Santa Clarita, CA 91387",https://www.apartments.com/28800-kenroy-ave-santa-clarita-ca/9rrbxf4/,1 bath,400 sq ft,400,,,,,,1650
,Los Angeles,Houses,CA,90066,"3822 Berryman Ave Los Angeles, CA 90066",https://www.apartments.com/3822-berryman-ave-los-angeles-ca/4hpz01k/,1 bath,600 sq ft,600,,,,,,2300
,South Pasadena,Houses,CA,91030,"342 Pasadena Ave South Pasadena, CA 91030",https://www.apartments.com/342-pasadena-ave-south-pasadena-ca/gbgy0nz/,1.5 baths,"1,270 sq ft","1,270",,3900,,,,
2300,Sunland,Houses,CA,91040,"7964 Glenties Ln Sunland, CA 91040",https://www.apartments.com/7964-glenties-ln-sunland-ca/p31bk2r/,1 bath,"1,200 sq ft","1,200",,,,,,
,Beverly Hills,Houses,CA,90210,"9847 Yoakum Dr Beverly Hills, CA 90210",https://www.apartments.com/9847-yoakum-dr-beverly-hills-ca/dpn4qtj/,2 baths,"1,500 sq ft","1,500",,,,5500,,
,Santa Monica,Houses,CA,90403,"1621 California Ave Santa Monica, CA 90403",https://www.apartments.com/1621-california-ave-santa-monica-ca/cv2cwjd/,1 bath,800 sq ft,800,,3500,,,,
1800,Palo Alto,Houses,CA,94301,"550 Melville Ave Palo Alto, CA 94301",https://www.apartments.com/550-melville-ave-palo-alto-ca/bzxhy69/,1 bath,400 sq ft,400,,,,,,
,San Francisco,Houses,CA,94134,"627 Colby St San Francisco, CA 94134",https://www.apartments.com/627-colby-st-san-francisco-ca/kxl4rtc/,2 baths,"1,500 sq ft","1,500",,,,4485,,
,Mill Valley,Houses,CA,94941,"111 Richardson Dr Mill Valley, CA 94941",https://www.apartments.com/111-richardson-dr-mill-valley-ca/kezxmv9/,3 baths,"2,106 sq ft","2,106",,,5500,,,
,North Hollywood,Houses,CA,91601,"10800 Otsego St North Hollywood, CA 91601",https://www.apartments.com/10800-otsego-st-north-hollywood-ca/ymd4kxs/,1 bath,"1,157 sq ft","1,157",,,,2995,,
,North Hollywood,Houses,CA,91601,"10936 Otsego St North Hollywood, CA 91601",https://www.apartments.com/10936-otsego-st-north-hollywood-ca/mckt7cl/,2 baths,"1,585 sq ft","1,585",,,,3795,,
,Canoga Park,Houses,CA,91304,"7543 Lilla Pl Canoga Park, CA 91304",https://www.apartments.com/7543-lilla-pl-canoga-park-ca/1q0y426/,3 baths,"2,850 sq ft","2,850",,,,,5250,
,San Francisco,Houses,CA,94116,"2163 Funston Ave San Francisco, CA 94116",https://www.apartments.com/2163-funston-ave-san-francisco-ca/glbmjxx/,4 baths,"2,800 sq ft","2,800",,,8000,,,
,Modesto,Houses,CA,95355,"3313 Kee Ln Modesto, CA 95355",https://www.apartments.com/3313-kee-ln-modesto-ca/qr8n37y/,2.5 baths,"2,236 sq ft","2,236",,,2700,,,
,San Diego,Houses,CA,92104,"3745 Boundary St San Diego, CA 92104",https://www.apartments.com/3745-boundary-st-san-diego-ca/68dvdjs/,1 bath,750 sq ft,750,,2895,,,,
,Los Angeles,Houses,CA,90035,"8859 Horner St Los Angeles, CA 90035",https://www.apartments.com/8859-horner-st-los-angeles-ca/gvnz4cz/,2 baths,"1,605 sq ft","1,605",,,,5500,,
,Newport Beach,Houses,CA,92661,"900 E Balboa Blvd Newport Beach, CA 92661",https://www.apartments.com/900-e-balboa-blvd-newport-beach-ca/z3n4xbw/,4.5 baths,"5,300 sq ft","5,300",,,40000,,,
,Newport Beach,Houses,CA,92660,"715 Bayside Dr Newport Beach, CA 92660",https://www.apartments.com/715-bayside-dr-newport-beach-ca/cm0dqvf/,4 baths,"3,893 sq ft","3,893",,,35000,,,
,Los Angeles,Houses,CA,90043,"6000 4th Ave Los Angeles, CA 90043",https://www.apartments.com/6000-4th-ave-los-angeles-ca/2fcj8d8/,1 bath,"1,150 sq ft","1,150",,2550,,,,
2250,Woodland Hills,Houses,CA,91367,"22746 Collins St Woodland Hills, CA 91367",https://www.apartments.com/22746-collins-st-woodland-hills-ca/zhpwj6x/,1 bath,690 sq ft,690,,,,,,
,Stevenson Ranch,Houses,CA,91381,"26533 Thackery Ln Stevenson Ranch, CA 91381",https://www.apartments.com/26533-thackery-ln-stevenson-ranch-ca/74kl0ww/,4 baths,"3,670 sq ft","3,670",,,,,5495,
,San Jose,Houses,CA,95123,"427 Avenida Palmas San Jose, CA 95123",https://www.apartments.com/427-avenida-palmas-san-jose-ca/w4ysx9h/,3 baths,"2,130 sq ft","2,130",,,4600,,,
,Culver City,Houses,CA,90232,"9042 Hubbard St Culver City, CA 90232",https://www.apartments.com/9042-hubbard-st-culver-city-ca/ehl9r5n/,1 bath,550 sq ft,550,,2600,,,,
,San Diego,Houses,CA,92109,"728 Venice Ct San Diego, CA 92109",https://www.apartments.com/728-venice-ct-san-diego-ca/c7x351e/,1 bath,700 sq ft,700,,4400,,,,
,Corona,Houses,CA,92882,"224 S Belle Ave Corona, CA 92882",https://www.apartments.com/224-s-belle-ave-corona-ca/pz768qr/,1 bath,"1,556 sq ft","1,556",,,,2000,,
,Los Angeles,Houses,CA,90026,"1759 Silver Lake Blvd Los Angeles, CA 90026",https://www.apartments.com/1759-silver-lake-blvd-los-angeles-ca/nhldepm/,2 baths,"1,200 sq ft","1,200",,4995,,,,
,Los Angeles,Houses,CA,90049,"742 Moreno Ave Los Angeles, CA 90049",https://www.apartments.com/742-moreno-ave-los-angeles-ca/3gjgr9f/,1 bath,"1,000 sq ft","1,000",,4500,,,,
,Gardena,Houses,CA,90247,"1939 162nd W St Gardena, CA 90247",https://www.apartments.com/1939-162nd-w-st-gardena-ca/fp7dtpr/,2 baths,"1,500 sq ft","1,500",,,,2800,,
,Los Angeles,Houses,CA,90045,"8017 Holy Cross Plz Los Angeles, CA 90045",https://www.apartments.com/8017-holy-cross-plz-los-angeles-ca/3qrmq4f/,1 bath,"1,100 sq ft","1,100",,,,3550,,
,Los Angeles,Houses,CA,90045,"6353 W 82nd St Los Angeles, CA 90045",https://www.apartments.com/6353-w-82nd-st-los-angeles-ca/14cp2e7/,1 bath,"1,128 sq ft","1,128",,3900,,,,
,Winnetka,Houses,CA,91306,"8607 Delco Ave Winnetka, CA 91306",https://www.apartments.com/8607-delco-ave-winnetka-ca/v1mnwbg/,2 baths,"2,200 sq ft","2,200",,,4800,,,
,Oakland,Houses,CA,94618,"5723 Buena Vista Ave Oakland, CA 94618",https://www.apartments.com/5723-buena-vista-ave-oakland-ca/k8dd1b9/,1 bath,500 sq ft,500,,,,,,1950
,Sunnyvale,Houses,CA,94089,"1208 Manzano Way Sunnyvale, CA 94089",https://www.apartments.com/1208-manzano-way-sunnyvale-ca/klcele8/,1 bath,"1,000 sq ft","1,000",,,,3300,,
,San Diego,Houses,CA,92117,"5170 Cole St San Diego, CA 92117",https://www.apartments.com/5170-cole-st-san-diego-ca/6353fyt/,1.5 baths,"1,025 sq ft","1,025",,,,3499,,
,Daly City,Houses,CA,94015,"201 Skyline Dr Daly City, CA 94015",https://www.apartments.com/201-skyline-dr-daly-city-ca/42z4m7j/,1 bath,250 sq ft,250,,,,,,1790
,Los Angeles,Houses,CA,90016,"2512 S Harcourt Ave Los Angeles, CA 90016",https://www.apartments.com/2512-s-harcourt-ave-los-angeles-ca/dfy05kh/,2 baths,"1,209 sq ft","1,209",,,,3200,,
,Marina,Houses,CA,93933,"2969 Denali Marina, CA 93933",https://www.apartments.com/2969-denali-marina-ca/0fpts41/,2.5 baths,"1,509 sq ft","1,509",,,,3500,,
,Santa Barbara,Houses,CA,93101,"1935 Bath St Santa Barbara, CA 93101",https://www.apartments.com/1935-bath-st-santa-barbara-ca/130rbz6/,2 baths,"1,295 sq ft","1,295",,,,5195,,
,Palm Springs,Houses,CA,92262,"1333 E Via Escuela Palm Springs, CA 92262",https://www.apartments.com/1333-e-via-escuela-palm-springs-ca/czl29pg/,2.5 baths,"2,010 sq ft","2,010",,,8000,,,
,Northridge,Houses,CA,91325,"17771 Merridy St Northridge, CA 91325",https://www.apartments.com/17771-merridy-st-northridge-ca/jkxstz7/,2 baths,"2,110 sq ft","2,110",,,,3600,,
,Los Angeles,Houses,CA,90033,"1005 Tremont St Los Angeles, CA 90033",https://www.apartments.com/1005-tremont-st-los-angeles-ca/lm6c1ed/,1 bath,850 sq ft,850,,2300,,,,
,Los Angeles,Houses,CA,90007,"1187 Exposition Blvd Los Angeles, CA 90007",https://www.apartments.com/1187-exposition-blvd-los-angeles-ca/ktmq0ec/,1 bath,700 sq ft,700,,,,2500,,
,South San Francisco,Houses,CA,94080,"125 Camaritas Ave South San Francisco, CA 94080",https://www.apartments.com/125-camaritas-ave-south-san-francisco-ca/zc0190z/,1 bath,625 sq ft,625,,,,,,1850
,Sunnyvale,Houses,CA,94086,"940 Planetree Pl Sunnyvale, CA 94086",https://www.apartments.com/940-planetree-pl-sunnyvale-ca/48lxc8h/,2 baths,"1,200 sq ft","1,200",,,,5000,,
,Union City,Houses,CA,94587,"4524 Alvarado Blvd Union City, CA 94587",https://www.apartments.com/4524-alvarado-blvd-union-city-ca/1sgenm7/,3 baths,"2,144 sq ft","2,144",,,,,4300,
1600,San Francisco,Houses,CA,94112,"97 Tingley St San Francisco, CA 94112",https://www.apartments.com/97-tingley-st-san-francisco-ca/9tbghb6/,1 bath,800 sq ft,800,,2400,,,,
,Sacramento,Houses,CA,95817,"2101 39th St Sacramento, CA 95817",https://www.apartments.com/2101-39th-st-sacramento-ca/0hpw423/,1 bath,726 sq ft,726,,1930,,,,
,Burbank,Houses,CA,91504,"2931 Mystic View Pl Burbank, CA 91504",https://www.apartments.com/2931-mystic-view-pl-burbank-ca/h8myse0/,2 baths,"2,397 sq ft","2,397",,,,6900,,
,Yorba Linda,Houses,CA,92886,"4621 Avenida de las Estrell Yorba Linda, CA 92886",https://www.apartments.com/4621-avenida-de-las-estrell-yorba-linda-ca/5d0h1xp/,3 baths,"2,330 sq ft","2,330",,,3800,,,
,Redondo Beach,Houses,CA,90277,"730 N Paulina Ave Redondo Beach, CA 90277",https://www.apartments.com/730-n-paulina-ave-redondo-beach-ca/spk10b7/,4 baths,"2,800 sq ft","2,800",,,,,12500,
,San Francisco,Houses,CA,94121,"3638 Anza St San Francisco, CA 94121",https://www.apartments.com/3638-anza-st-san-francisco-ca/hkv49m0/,3 baths,"2,500 sq ft","2,500",,,,,7000,
,Sacramento,Houses,CA,95818,"2115 15th St Sacramento, CA 95818",https://www.apartments.com/2115-15th-st-sacramento-ca/1e0h2m6/,1.5 baths,"1,200 sq ft","1,200",,2300,,,,
,Venice,Houses,CA,90291,"883 Commonwealth Ave Venice, CA 90291",https://www.apartments.com/883-commonwealth-ave-venice-ca/5dnmtcm/,1 bath,984 sq ft,984,,4795,,,,
,Inglewood,Houses,CA,90301,"636 W Buckthorn St Inglewood, CA 90301",https://www.apartments.com/636-w-buckthorn-st-inglewood-ca/78ky7nx/,2 baths,"1,086 sq ft","1,086",,,,3400,,
2250,Forestville,Houses,CA,95436,"9870 River Rd Forestville, CA 95436",https://www.apartments.com/9870-river-rd-forestville-ca/zyzqfbz/,1 bath,600 sq ft,600,,,,,,
,Los Angeles,Houses,CA,90031,"239 S Ave 18 Los Angeles, CA 90031",https://www.apartments.com/239-s-ave-18-los-angeles-ca/7859hrw/,1 bath,700 sq ft,700,,2000,,,,
1500,San Diego,Houses,CA,92130,"12634 Portada Pl San Diego, CA 92130",https://www.apartments.com/12634-portada-pl-san-diego-ca/x5q273p/,1 bath,280 sq ft,280,,,,,,
,Oxnard,Houses,CA,93036,"712 Nile River Dr Oxnard, CA 93036",https://www.apartments.com/712-nile-river-dr-oxnard-ca/f5tqzgt/,1 bath,350 sq ft,350,,,,,,1800
,Fresno,Houses,CA,93727,"221 N Burgan Ave Fresno, CA 93727",https://www.apartments.com/221-n-burgan-ave-fresno-ca/b2j65kc/,2 baths,"1,469 sq ft","1,469",,,,2200,,
,Los Angeles,Houses,CA,90077,"1322 N Beverly Glen Blvd Los Angeles, CA 90077",https://www.apartments.com/1322-n-beverly-glen-blvd-los-angeles-ca/gsdffkw/,3 baths,"1,272 sq ft","1,272",,,,5995,,
,Van Nuys,Houses,CA,91405,"15216 Runnymede St Van Nuys, CA 91405",https://www.apartments.com/15216-runnymede-st-van-nuys-ca/etvzjbq/,1 bath,"1,170 sq ft","1,170",,,,3600,,
,Santa Clara,Houses,CA,95054,"3724 Edgefield Drive Santa Clara, CA 95054",https://www.apartments.com/3724-edgefield-drive-santa-clara-ca/4e16ryh/,2 baths,"1,660 sq ft","1,660",,,4195,,,
,Los Angeles,Houses,CA,90048,"6527 Hayes Dr Los Angeles, CA 90048",https://www.apartments.com/6527-hayes-dr-los-angeles-ca/xzl3lnp/,2 baths,"1,600 sq ft","1,600",,,,5900,,
,Los Angeles,Houses,CA,90291,"417 Westminster Ave Los Angeles, CA 90291",https://www.apartments.com/417-westminster-ave-los-angeles-ca/63y5lds/,1 bath,"1,050 sq ft","1,050",,4100,,,,
,Los Angeles,Houses,CA,90061,"341 W 124th St Los Angeles, CA 90061",https://www.apartments.com/341-w-124th-st-los-angeles-ca/mxnjbbh/,2 baths,"2,250 sq ft","2,250",,,,3500,,
6920,Hermosa Beach,Houses,CA,90254,"99 Hermosa Avenue Hermosa Beach, CA 90254",https://www.apartments.com/99-hermosa-avenue-hermosa-beach-ca/bhy4fhb/,1 bath,"2,400 sq ft","2,400",,,,,,
,Manhattan Beach,Houses,CA,90266,"409 16th St Manhattan Beach, CA 90266",https://www.apartments.com/409-16th-st-manhattan-beach-ca/3ez0zmf/,2 baths,"1,700 sq ft","1,700",,,,8000,,
,Pleasanton,Houses,CA,94566,"524 St John St Pleasanton, CA 94566",https://www.apartments.com/524-st-john-st-pleasanton-ca/f2csy2t/,2.5 baths,"1,690 sq ft","1,690",,,,6150,,
,Hayward,Houses,CA,94542,"297 Drummond Dr Hayward, CA 94542",https://www.apartments.com/297-drummond-dr-hayward-ca/fc51z1v/,4.5 baths,"3,462 sq ft","3,462",,,6900,,,
1475,Redwood City,Houses,CA,94063,"522 Scott Ave Redwood City, CA 94063",https://www.apartments.com/522-scott-ave-redwood-city-ca/pd39esv/,1 bath,265 sq ft,265,,,,,,
,Santa Monica,Houses,CA,90403,"1219 California Ave Santa Monica, CA 90403",https://www.apartments.com/1219-california-ave-santa-monica-ca/ljq4q3f/,2.5 baths,"1,800 sq ft","1,800",,,,6400,,
,Pasadena,Houses,CA,91103,"156 W Peoria St Pasadena, CA 91103",https://www.apartments.com/156-w-peoria-st-pasadena-ca/tfm3bgc/,2 baths,988 sq ft,988,,2995,,,,
,Lomita,Houses,CA,90717,"25223 Western Ave Lomita, CA 90717",https://www.apartments.com/25223-western-ave-lomita-ca/1xljt75/,1 bath,500 sq ft,500,,2225,,,,
2325,Los Angeles,Houses,CA,90004,"249 S Gramercy Pl Los Angeles, CA 90004",https://www.apartments.com/249-s-gramercy-pl-los-angeles-ca/pyb0q7t/,1 bath,850 sq ft,850,,,,,,
2150,Los Angeles,Houses,CA,90035,"9801 Vidor Dr Los Angeles, CA 90035",https://www.apartments.com/9801-vidor-dr-los-angeles-ca/3kqwlbd/,1 bath,750 sq ft,750,,,,,,
,Los Angeles,Houses,CA,90025,"1845 Pandora Ave Los Angeles, CA 90025",https://www.apartments.com/1845-pandora-ave-los-angeles-ca/l5qbv5f/,2 baths,"1,300 sq ft","1,300",,4550,,,,
1600,San Jose,Houses,CA,95122,"2747 Interlude St San Jose, CA 95122",https://www.apartments.com/2747-interlude-st-san-jose-ca/lzrxemd/,1 bath,300 sq ft,300,,,,,,
,Huntington Beach,Houses,CA,92648,"18551 Amalia Ln Huntington Beach, CA 92648",https://www.apartments.com/18551-amalia-ln-huntington-beach-ca/58pz2rp/,4.5 baths,"3,193 sq ft","3,193",,,,,6500,
,Los Angeles,Houses,CA,90731,"615 W 24th St Los Angeles, CA 90731",https://www.apartments.com/615-w-24th-st-los-angeles-ca/dxne3yk/,1 bath,950 sq ft,950,,2500,,,,
,Los Angeles,Houses,CA,90731,"613 W 24th St Los Angeles, CA 90731",https://www.apartments.com/613-w-24th-st-los-angeles-ca/hbbj4z0/,2 baths,"1,600 sq ft","1,600",,,,3500,,
,Lawndale,Houses,CA,90260,"4707 W 164th St Lawndale, CA 90260",https://www.apartments.com/4707-w-164th-st-lawndale-ca/qwf6b9y/,1 bath,700 sq ft,700,,2600,,,,
,Mount Shasta,Houses,CA,96067,"700 Valley Quail Dr Mount Shasta, CA 96067",https://www.apartments.com/700-valley-quail-dr-mount-shasta-ca/qkmnqdw/,1 bath,800 sq ft,800,,2200,,,,
,San Marcos,Houses,CA,92069,"683 Maybritt Cir San Marcos, CA 92069",https://www.apartments.com/683-maybritt-cir-san-marcos-ca/8ngb6s1/,2 baths,"1,524 sq ft","1,524",,,3400,,,
2750,Van Nuys,Houses,CA,91403,"4229 Van Nuys Blvd Van Nuys, CA 91403",https://www.apartments.com/4229-van-nuys-blvd-van-nuys-ca/mz5efwh/,1 bath,780 sq ft,780,,,,,,
950,Anaheim,Houses,CA,92804,"2145 W Cris Ave Anaheim, CA 92804",https://www.apartments.com/2145-w-cris-ave-anaheim-ca/712mwlw/,1 bath,100 sq ft,100,,,,,,
1950,Van Nuys,Houses,CA,91401,"6050 Greenbush Ave Van Nuys, CA 91401",https://www.apartments.com/6050-greenbush-ave-van-nuys-ca/tzl09eb/,1 bath,542 sq ft,542,,,,,,
,Manhattan Beach,Houses,CA,90266,"562 31st St Manhattan Beach, CA 90266",https://www.apartments.com/562-31st-st-manhattan-beach-ca/td1xml8/,3 baths,"2,100 sq ft","2,100",,,6900,,,
,Woodland Hills,Houses,CA,91367,"23031 Sylvan St Woodland Hills, CA 91367",https://www.apartments.com/23031-sylvan-st-woodland-hills-ca/fhe9s7v/,1 bath,775 sq ft,775,,,,,,1650
,Los Angeles,Houses,CA,90068,"3215 Velma Dr Los Angeles, CA 90068",https://www.apartments.com/3215-velma-dr-los-angeles-ca/z6yjd0x/,2 baths,"1,459 sq ft","1,459",,,,4950,,
2777,Hermosa Beach,Houses,CA,90254,"358 28th St Hermosa Beach, CA 90254",https://www.apartments.com/358-28th-st-hermosa-beach-ca/0xykfm1/,2 baths,777 sq ft,777,,,,,,
,Van Nuys,Houses,CA,91406,"7436 Amestoy Ave Van Nuys, CA 91406",https://www.apartments.com/7436-amestoy-ave-van-nuys-ca/j64r0q4/,2 baths,"1,600 sq ft","1,600",,,,3500,,
,Ventura,Houses,CA,93001,"60 W Ramona St Ventura, CA 93001",https://www.apartments.com/60-w-ramona-st-ventura-ca/36sbkgf/,1 bath,"1,000 sq ft","1,000",,,,2700,,
1050,San Jose,Houses,CA,95116,"986 Diana Ave San Jose, CA 95116",https://www.apartments.com/986-diana-ave-san-jose-ca/7dwlzry/,1 bath,110 sq ft,110,,,,,,
,Los Angeles,Houses,CA,90004,"339 N Hobart Blvd Los Angeles, CA 90004",https://www.apartments.com/339-n-hobart-blvd-los-angeles-ca/fretszt/,3 baths,"2,350 sq ft","2,350",,,5800,,,
,Marina del Rey,Houses,CA,90292,"841 Dickson St Marina del Rey, CA 90292",https://www.apartments.com/841-dickson-st-marina-del-rey-ca/dyyt8rj/,3 baths,"1,600 sq ft","1,600",,,,5500,,
,Monterey Park,Houses,CA,91754,"720 S Ynez Ave Monterey Park, CA 91754",https://www.apartments.com/720-s-ynez-ave-monterey-park-ca/7jthzsx/,3 baths,"1,915 sq ft","1,915",,,3500,,,
,Richmond,Houses,CA,94804,"2800 Roosevelt Ave Richmond, CA 94804",https://www.apartments.com/2800-roosevelt-ave-richmond-ca/fw7tyrv/,1 bath,"1,500 sq ft","1,500",,3500,,,,
1545,San Pedro,Houses,CA,90731,"435 N Mesa St San Pedro, CA 90731",https://www.apartments.com/435-n-mesa-st-san-pedro-ca/frpwejr/,1 bath,375 sq ft,375,,,,,,
,San Jose,Houses,CA,95124,"14901 Nelson Way San Jose, CA 95124",https://www.apartments.com/14901-nelson-way-san-jose-ca/9tdby64/,2 baths,"1,900 sq ft","1,900",,,,4350,,
,Mountain View,Houses,CA,94041,"818 Devoto St Mountain View, CA 94041",https://www.apartments.com/818-devoto-st-mountain-view-ca/qbe3ffz/,2 baths,"1,850 sq ft","1,850",,5450,,,,
,Studio City,Houses,CA,91604,"12826 Halkirk St Studio City, CA 91604",https://www.apartments.com/12826-halkirk-st-studio-city-ca/k7kny69/,2.5 baths,"1,726 sq ft","1,726",,,,7500,,
,Los Angeles,Houses,CA,90291,"218 Linnie Canal Los Angeles, CA 90291",https://www.apartments.com/218-linnie-canal-los-angeles-ca/l394fkg/,3 baths,"2,627 sq ft","2,627",,,10000,,,
,San Francisco,Houses,CA,94110,"774 Treat Ave San Francisco, CA 94110",https://www.apartments.com/774-treat-ave-san-francisco-ca/djsgtbh/,1 bath,740 sq ft,740,,3700,,,,
,Los Angeles,Houses,CA,90034,"3619 Dunn Dr Los Angeles, CA 90034",https://www.apartments.com/3619-dunn-dr-los-angeles-ca/ffm39zr/,1 bath,500 sq ft,500,,,,,,1750
,Los Angeles,Houses,CA,90068,"3516 Multiview Dr Los Angeles, CA 90068",https://www.apartments.com/3516-multiview-dr-los-angeles-ca/zprlbdy/,2 baths,"1,334 sq ft","1,334",,5950,,,,
2000,Long Beach,Houses,CA,90804,"1029 Obispo Ave Long Beach, CA 90804",https://www.apartments.com/1029-obispo-ave-long-beach-ca/lpbt9zd/,1 bath,600 sq ft,600,,,,,,1400
,Encino,Houses,CA,91436,"3532 Green Vista Dr Encino, CA 91436",https://www.apartments.com/3532-green-vista-dr-encino-ca/xt7mntm/,2.5 baths,"2,438 sq ft","2,438",,,8000,,,
2650,Los Angeles,Houses,CA,90049,"951 S Gretna Green Way Los Angeles, CA 90049",https://www.apartments.com/951-s-gretna-green-way-los-angeles-ca/m9wckdj/,1 bath,800 sq ft,800,,,,,,
,Glendale,Houses,CA,91201,"1161 Elm Ave Glendale, CA 91201",https://www.apartments.com/1161-elm-ave-glendale-ca/wv9lv9l/,1 bath,800 sq ft,800,,2500,,,,
,Los Angeles,Houses,CA,90045,"8305 Colegio Dr Los Angeles, CA 90045",https://www.apartments.com/8305-colegio-dr-los-angeles-ca/l50e4fd/,2 baths,"1,400 sq ft","1,400",,,,3500,,
,Los Angeles,Houses,CA,90064,"11802 Exposition Blvd Los Angeles, CA 90064",https://www.apartments.com/11802-exposition-blvd-los-angeles-ca/j52pdc6/,1 bath,420 sq ft,420,,,,,,2795
,Hanford,Houses,CA,93230,"335 E Ivy St Hanford, CA 93230",https://www.apartments.com/335-e-ivy-st-hanford-ca/80fvz33/,1 bath,800 sq ft,800,,2750,,,,
,Oroville,Houses,CA,95966,"1935 Fort Wayne Street Oroville, CA 95966",https://www.apartments.com/1935-fort-wayne-street-oroville-ca/wfv4khj/,2 baths,870 sq ft,870,,,,1100,,
,Cathedral City,Houses,CA,92234,"68725 Tachevah Dr Cathedral City, CA 92234",https://www.apartments.com/68725-tachevah-dr-cathedral-city-ca/l3bx5kf/,2 baths,"1,938 sq ft","1,938",,,,4795,,
,Rancho Palos Verdes,Houses,CA,90275,"27131 Grayslake Rd Rancho Palos Verdes, CA 90275",https://www.apartments.com/27131-grayslake-rd-rancho-palos-verdes-ca/s6psr44/,2 baths,"1,800 sq ft","1,800",,,4900,,,
,Los Gatos,Houses,CA,95032,"202 Thomas Dr Los Gatos, CA 95032",https://www.apartments.com/202-thomas-dr-los-gatos-ca/w7k7eql/,1.5 baths,"1,088 sq ft","1,088",,3700,,,,
,Alhambra,Houses,CA,91803,"811 S Marguerita Ave Alhambra, CA 91803",https://www.apartments.com/811-s-marguerita-ave-alhambra-ca/5rmcggq/,1 bath,"1,050 sq ft","1,050",,2300,,,,
,Los Angeles,Houses,CA,91436,"15707 Varden St Los Angeles, CA 91436",https://www.apartments.com/15707-varden-st-los-angeles-ca/bks7lhc/,3.5 baths,"2,900 sq ft","2,900",,,,,9500,
,Sunnyvale,Houses,CA,94086,"831 S Wolfe Rd Sunnyvale, CA 94086",https://www.apartments.com/831-s-wolfe-rd-sunnyvale-ca/r3d61r1/,3 baths,"2,028 sq ft","2,028",,,,,6000,
1700,Livermore,Houses,CA,94551,"592 Colusa Way Livermore, CA 94551",https://www.apartments.com/592-colusa-way-livermore-ca/crb12yd/,1 bath,420 sq ft,420,,,,,,
,San Jose,Houses,CA,95110,"1180 Palm St San Jose, CA 95110",https://www.apartments.com/1180-palm-st-san-jose-ca/x7fgjyn/,2 baths,"1,360 sq ft","1,360",,3100,,,,
,Ramona,Houses,CA,92065,"25122 Starlight Mountain Rd Ramona, CA 92065",https://www.apartments.com/25122-starlight-mountain-rd-ramona-ca/f4d0rkv/,1 bath,"1,250 sq ft","1,250",,,,3000,,
,Los Angeles,Houses,CA,90025,"2157 Patricia Ave Los Angeles, CA 90025",https://www.apartments.com/2157-patricia-ave-los-angeles-ca/n4egsxq/,2 baths,"1,186 sq ft","1,186",,4050,,,,
1750,Sunland,Houses,CA,91040,"8709 Fenwick St Sunland, CA 91040",https://www.apartments.com/8709-fenwick-st-sunland-ca/vsffxve/,1 bath,550 sq ft,550,,,,,,
,Menlo Park,Houses,CA,94025,"1029 Oakland Ave Menlo Park, CA 94025",https://www.apartments.com/1029-oakland-ave-menlo-park-ca/3vqsp5g/,2 baths,"1,540 sq ft","1,540",,,,4950,,
1800,Sunland,Houses,CA,91040,"8707 Fenwick St Sunland, CA 91040",https://www.apartments.com/8707-fenwick-st-sunland-ca/lzq6veg/,1 bath,550 sq ft,550,,,,,,
,Monrovia,Houses,CA,91016,"454 Monrovista Ave Monrovia, CA 91016",https://www.apartments.com/454-monrovista-ave-monrovia-ca/84fhz33/,1 bath,"1,000 sq ft","1,000",,2300,,,,
,Manhattan Beach,Houses,CA,90266,"416 24th St Manhattan Beach, CA 90266",https://www.apartments.com/416-24th-st-manhattan-beach-ca/hfqdjd3/,2 baths,"1,300 sq ft","1,300",,,,7000,,
,Los Angeles,Houses,CA,90062,"1447 W 56th St Los Angeles, CA 90062",https://www.apartments.com/1447-w-56th-st-los-angeles-ca/sp6zz55/,1 bath,800 sq ft,800,,2250,,,,
,Berkeley,Houses,CA,94704,"2406 Blake St Berkeley, CA 94704",https://www.apartments.com/2406-blake-st-berkeley-ca/kycsp19/,2 baths,"1,600 sq ft","1,600",,,,6000,,
1550,Los Angeles,Houses,CA,90008,"3937 Arlington Ave Los Angeles, CA 90008",https://www.apartments.com/3937-arlington-ave-los-angeles-ca/xxpks8p/,1 bath,900 sq ft,900,,,,,,
,Corona,Houses,CA,92883,"4288 Castlepeak Dr Corona, CA 92883",https://www.apartments.com/4288-castlepeak-dr-corona-ca/c6ve98e/,3 baths,"2,626 sq ft","2,626",,,,3800,,
2300,San Jose,Houses,CA,95125,"926 Hummingbird Dr San Jose, CA 95125",https://www.apartments.com/926-hummingbird-dr-san-jose-ca/00fyj71/,1 bath,600 sq ft,600,,,,,,
1750,Van Nuys,Houses,CA,91406,"7012 Aldea Ave Van Nuys, CA 91406",https://www.apartments.com/7012-aldea-ave-van-nuys-ca/26jg878/,1 bath,470 sq ft,470,,,,,,
,Inglewood,Houses,CA,90302,"814 Edgewood St Inglewood, CA 90302",https://www.apartments.com/814-edgewood-st-inglewood-ca/e93rpcn/,1 bath,900 sq ft,900,,2400,,,,
,Bellflower,Houses,CA,90706,"9935 Park St Bellflower, CA 90706",https://www.apartments.com/9935-park-st-bellflower-ca/sl7v6g5/,2 baths,"1,100 sq ft","1,100",,,,2700,,
,Sausalito,Houses,CA,94965,"45 Park Cir Sausalito, CA 94965",https://www.apartments.com/45-park-cir-sausalito-ca/pv3bvrr/,2 baths,"1,488 sq ft","1,488",,,4250,,,
,West Hills,Houses,CA,91304,"22934 Roscoe Blvd West Hills, CA 91304",https://www.apartments.com/22934-roscoe-blvd-west-hills-ca/4bby8eh/,3 baths,"1,750 sq ft","1,750",,,3950,,,
,Los Angeles,Houses,CA,90026,"1034 W Kensington Rd Los Angeles, CA 90026",https://www.apartments.com/1034-w-kensington-rd-los-angeles-ca/l6b1q3f/,1.5 baths,"2,400 sq ft","2,400",,,6500,,,
,Sacramento,Houses,CA,95821,"4401 Baron Ave Sacramento, CA 95821",https://www.apartments.com/4401-baron-ave-sacramento-ca/9vbk9b7/,1.5 baths,"1,263 sq ft","1,263",,,,2185,,
3500,Venice,Houses,CA,90291,"581 Grand Blvd Venice, CA 90291",https://www.apartments.com/581-grand-blvd-venice-ca/xs1sfpm/,2 baths,"1,360 sq ft","1,360",,,9500,6500,,
,Los Gatos,Houses,CA,95030,"17435 Farley Rd W Los Gatos, CA 95030",https://www.apartments.com/17435-farley-rd-w-los-gatos-ca/s2e5jk7/,1.5 baths,"1,300 sq ft","1,300",,,,3850,,
,Los Angeles,Houses,CA,90047,"1614 W Gage Ave Los Angeles, CA 90047",https://www.apartments.com/1614-w-gage-ave-los-angeles-ca/pw5bjzt/,1 bath,754 sq ft,754,,2300,,,,
,Hayward,Houses,CA,94541,"1556 E St Hayward, CA 94541",https://www.apartments.com/1556-e-st-hayward-ca/j2c8jt4/,3 baths,"4,000 sq ft","4,000",8000,,,,,
,Santa Clara,Houses,CA,95054,"4437 Laird Cir Santa Clara, CA 95054",https://www.apartments.com/4437-laird-cir-santa-clara-ca/lrd84dd/,3 baths,"1,600 sq ft","1,600",,,,4450,,
,Santa Rosa,Houses,CA,95405,"2239 Santa Fe Dr Santa Rosa, CA 95405",https://www.apartments.com/2239-santa-fe-dr-santa-rosa-ca/58yqgtq/,2 baths,"1,446 sq ft","1,446",,,,3450,,
,Hermosa Beach,Houses,CA,90254,"417 Ocean View Ave Hermosa Beach, CA 90254",https://www.apartments.com/417-ocean-view-ave-hermosa-beach-ca/584k7bn/,1 bath,850 sq ft,850,,,,3500,,
,Hermosa Beach,Houses,CA,90254,"27 16th St Hermosa Beach, CA 90254",https://www.apartments.com/27-16th-st-hermosa-beach-ca/8cgjhe3/,3 baths,"3,300 sq ft","3,300",,,19000,,,
,Venice,Houses,CA,90291,"825 Superba Ave Venice, CA 90291",https://www.apartments.com/825-superba-ave-venice-ca/k491x39/,3 baths,"2,500 sq ft","2,500",,,,,13000,
,Milpitas,Houses,CA,95035,"1266 N Hillview Dr Milpitas, CA 95035",https://www.apartments.com/1266-n-hillview-dr-milpitas-ca/w0f0dkj/,1 bath,400 sq ft,400,,,,,,1850
,Glendale,Houses,CA,91214,"3837 Cedarbend Dr Glendale, CA 91214",https://www.apartments.com/3837-cedarbend-dr-glendale-ca/3bllwsg/,1 bath,300 sq ft,300,,,,,,1500
,Santa Clara,Houses,CA,95051,"2433 Gallup Drive Santa Clara, CA 95051",https://www.apartments.com/2433-gallup-drive-santa-clara-ca/f2wdgjt/,3 baths,"1,920 sq ft","1,920",,,4495,,,
,Los Angeles,Houses,CA,90036,"359 S Highland Ave Los Angeles, CA 90036",https://www.apartments.com/359-s-highland-ave-los-angeles-ca/snl1vc4/,5 baths,"2,700 sq ft","2,700",,,,,7500,
,Oakland,Houses,CA,94619,"4137 Gregory St Oakland, CA 94619",https://www.apartments.com/4137-gregory-st-oakland-ca/fxyw9jt/,3 baths,"3,000 sq ft","3,000",,,5990,,,
1100,Millbrae,Houses,CA,94030,"1009 Sycamore Dr Millbrae, CA 94030",https://www.apartments.com/1009-sycamore-dr-millbrae-ca/f3fjpgr/,1 bath,"2,500 sq ft","2,500",,,,,,
,Los Angeles,Houses,CA,90024,"10841 Wilkins Ave Los Angeles, CA 90024",https://www.apartments.com/10841-wilkins-ave-los-angeles-ca/c0pvppg/,2.5 baths,"1,850 sq ft","1,850",,,,7000,,
,Los Angeles,Houses,CA,90016,"5607 Blackwelder St Los Angeles, CA 90016",https://www.apartments.com/5607-blackwelder-st-los-angeles-ca/lm552fg/,1 bath,758 sq ft,758,,2800,,,,
1885,San Diego,Houses,CA,92123,"3860 Murphy Canyon Rd San Diego, CA 92123",https://www.apartments.com/3860-murphy-canyon-rd-san-diego-ca/54vtxcq/,1 bath,675 sq ft,675,,,,,,
,Van Nuys,Houses,CA,91401,"5723 Stansbury Ave Van Nuys, CA 91401",https://www.apartments.com/5723-stansbury-ave-van-nuys-ca/51b1r6q/,2 baths,"1,600 sq ft","1,600",,,,3800,,
,Pasadena,Houses,CA,91103,"170 E Claremont St Pasadena, CA 91103",https://www.apartments.com/170-e-claremont-st-pasadena-ca/5z8ktrp/,1 bath,750 sq ft,750,,1599,,,,
,Los Angeles,Houses,CA,90045,"8012 Reading Ave Los Angeles, CA 90045",https://www.apartments.com/8012-reading-ave-los-angeles-ca/kcbr558/,3.5 baths,"2,292 sq ft","2,292",,,,6995,,
,San Francisco,Houses,CA,94103,"52 Gilbert St San Francisco, CA 94103",https://www.apartments.com/52-gilbert-st-san-francisco-ca/wpvj4kk/,2.5 baths,"2,400 sq ft","2,400",10000,,,,,
,Santa Clara,Houses,CA,95051,"2172 San Antonio Plz Santa Clara, CA 95051",https://www.apartments.com/2172-san-antonio-plz-santa-clara-ca/18xqgy7/,2 baths,"1,078 sq ft","1,078",,,,3475,,
,Inglewood,Houses,CA,90303,"3842 W 110th St Inglewood, CA 90303",https://www.apartments.com/3842-w-110th-st-inglewood-ca/cmge3sg/,1.5 baths,"2,100 sq ft","2,100",,2200,,,,
,Los Angeles,Houses,CA,90026,"1712 Miramar St Los Angeles, CA 90026",https://www.apartments.com/1712-miramar-st-los-angeles-ca/vj9rv5f/,1 bath,"2,100 sq ft","2,100",,,,3700,,
,Los Angeles,Houses,CA,90045,"7301 Kentwood Ave Los Angeles, CA 90045",https://www.apartments.com/7301-kentwood-ave-los-angeles-ca/bdv6sfc/,4 baths,"3,011 sq ft","3,011",,,7800,,,
1550,Menlo Park,Houses,CA,94025,"1155 Bieber Ave Menlo Park, CA 94025",https://www.apartments.com/1155-bieber-ave-menlo-park-ca/qplr5yy/,1 bath,"1,600 sq ft","1,600",,,,,,
,Redondo Beach,Houses,CA,90277,"700 Avenue B Redondo Beach, CA 90277",https://www.apartments.com/700-avenue-b-redondo-beach-ca/jvccec7/,2 baths,"1,300 sq ft","1,300",,,,4350,,
,La Quinta,Houses,CA,92253,"52030 Avenida Villa La Quinta, CA 92253",https://www.apartments.com/52030-avenida-villa-la-quinta-ca/2xcmljb/,2 baths,"1,477 sq ft","1,477",,,,4995,,
,Los Angeles,Houses,CA,90029,"4018 Fountain Ave Los Angeles, CA 90029",https://www.apartments.com/4018-fountain-ave-los-angeles-ca/yptsd6r/,1 bath,"1,100 sq ft","1,100",,,,4500,,
,Lancaster,Houses,CA,93535,"44277 Carolside Ave Lancaster, CA 93535",https://www.apartments.com/44277-carolside-ave-lancaster-ca/kxqqtyc/,2 baths,"1,306 sq ft","1,306",,,2300,,,
,Vallejo,Houses,CA,94591,"429 Grennan St Vallejo, CA 94591",https://www.apartments.com/429-grennan-st-vallejo-ca/pyz8w3t/,1 bath,"1,247 sq ft","1,247",,,2700,,,
,San Francisco,Houses,CA,94114,"3386 Market St San Francisco, CA 94114",https://www.apartments.com/3386-market-st-san-francisco-ca/xjdbs3n/,2 baths,"1,950 sq ft","1,950",,,,6200,,
,Lawndale,Houses,CA,90260,"3852 W 157th St Lawndale, CA 90260",https://www.apartments.com/3852-w-157th-st-lawndale-ca/qq65q9x/,1 bath,"1,050 sq ft","1,050",,3000,,,,
,Burbank,Houses,CA,91506,"400 S Lamer St Burbank, CA 91506",https://www.apartments.com/400-s-lamer-st-burbank-ca/mbh4hfj/,2 baths,"1,200 sq ft","1,200",,,,4500,,
,Pauma Valley,Houses,CA,92061,"32204 Wiskon Way W Pauma Valley, CA 92061",https://www.apartments.com/32204-wiskon-way-w-pauma-valley-ca/wpgbkkh/,3 baths,"2,814 sq ft","2,814",,,,5000,,
,San Diego,Houses,CA,92110,"1872 Galveston St San Diego, CA 92110",https://www.apartments.com/1872-galveston-st-san-diego-ca/3fr51ed/,2 baths,"1,600 sq ft","1,600",,,,5000,,
,Mountain View,Houses,CA,94041,"1846 Villa St Mountain View, CA 94041",https://www.apartments.com/1846-villa-st-mountain-view-ca/vhxx7nd/,1 bath,"1,000 sq ft","1,000",,,,4120,,
,Agoura Hills,Houses,CA,91301,"30745 Canwood St Agoura Hills, CA 91301",https://www.apartments.com/30745-canwood-st-agoura-hills-ca/brcyvp8/,2.5 baths,"1,482 sq ft","1,482",,,,4500,,
,Santa Monica,Houses,CA,90403,"1136 Harvard St Santa Monica, CA 90403",https://www.apartments.com/1136-harvard-st-santa-monica-ca/fh34xes/,1 bath,420 sq ft,420,,,,,,1900
,Sacramento,Houses,CA,95826,"3114 Maryknoll Ct Sacramento, CA 95826",https://www.apartments.com/3114-maryknoll-ct-sacramento-ca/45n3f6h/,1.5 baths,"1,320 sq ft","1,320",,,,2000,,
2200,Los Angeles,Houses,CA,91403,"15244 La Maida St Los Angeles, CA 91403",https://www.apartments.com/15244-la-maida-st-los-angeles-ca/4vl8hlk/,1 bath,600 sq ft,600,,,,,,
,La Quinta,Houses,CA,92253,"50192 Calle Maria La Quinta, CA 92253",https://www.apartments.com/50192-calle-maria-la-quinta-ca/4w0f60j/,2 baths,"1,700 sq ft","1,700",,,,7500,,
,Vista,Houses,CA,92081,"603 Sunset Dr Vista, CA 92081",https://www.apartments.com/603-sunset-dr-vista-ca/yn8h2fs/,1 bath,914 sq ft,914,,2595,,,,
,Milpitas,Houses,CA,95035,"54 Casper St Milpitas, CA 95035",https://www.apartments.com/54-casper-st-milpitas-ca/45kd19l/,2 baths,"1,100 sq ft","1,100",,,,3400,,
,Los Angeles,Houses,CA,90025,"2112 Federal Ave Los Angeles, CA 90025",https://www.apartments.com/2112-federal-ave-los-angeles-ca/t2esx58/,2 baths,"1,000 sq ft","1,000",,3900,,,,
,Culver City,Houses,CA,90232,"4354 Keystone Ave Culver City, CA 90232",https://www.apartments.com/4354-keystone-ave-culver-city-ca/ngfn98q/,1 bath,400 sq ft,400,,,,,,2495
,Rancho Mirage,Houses,CA,92270,"37010 Palmdale Rd Rancho Mirage, CA 92270",https://www.apartments.com/37010-palmdale-rd-rancho-mirage-ca/7twm8yw/,2 baths,"1,470 sq ft","1,470",,,,4500,,
,Palm Desert,Houses,CA,92260,"74855 Fairway Dr Palm Desert, CA 92260",https://www.apartments.com/74855-fairway-dr-palm-desert-ca/flt716t/,4 baths,"3,218 sq ft","3,218",,,10000,,,
,Monterey Park,Houses,CA,91754,"201 Barranca Dr Monterey Park, CA 91754",https://www.apartments.com/201-barranca-dr-monterey-park-ca/jydw7h5/,2 baths,"1,619 sq ft","1,619",,,,3795,,
,Los Angeles,Houses,CA,90063,"1346 N Eastern Ave Los Angeles, CA 90063",https://www.apartments.com/1346-n-eastern-ave-los-angeles-ca/2f9lzq9/,2 baths,776 sq ft,776,,2500,,,,
,Los Angeles,Houses,CA,91352,"8722 Amboy Ave Los Angeles, CA 91352",https://www.apartments.com/8722-amboy-ave-los-angeles-ca/y69441s/,2 baths,"1,604 sq ft","1,604",,,5200,,,
,San Jose,Houses,CA,95127,"11276 Chula Vista Ave San Jose, CA 95127",https://www.apartments.com/11276-chula-vista-ave-san-jose-ca/y6ht6ct/,1 bath,300 sq ft,300,,,,,,1800
,Santa Clara,Houses,CA,95050,"717 Varsi Pl Santa Clara, CA 95050",https://www.apartments.com/717-varsi-pl-santa-clara-ca/6c0cgzr/,3 baths,"1,768 sq ft","1,768",,,,,8200,
,Costa Mesa,Houses,CA,92626,"3116 Promenade Costa Mesa, CA 92626",https://www.apartments.com/3116-promenade-costa-mesa-ca/j7h7h44/,3 baths,"2,500 sq ft","2,500",,,4995,,,
,Watsonville,Houses,CA,95076,"972 McKenzie Ave Watsonville, CA 95076",https://www.apartments.com/972-mckenzie-ave-watsonville-ca/krng2gb/,2 baths,"1,240 sq ft","1,240",,,,3350,,
,South Lake Tahoe,Houses,CA,96150,"701 James Ave South Lake Tahoe, CA 96150",https://www.apartments.com/701-james-ave-south-lake-tahoe-ca/flb47xs/,2 baths,"1,150 sq ft","1,150",,,,3300,,
,Hermosa Beach,Houses,CA,90254,"501 25th St Hermosa Beach, CA 90254",https://www.apartments.com/501-25th-st-hermosa-beach-ca/qgf3khy/,4 baths,"3,500 sq ft","3,500",12000,,,,,
,Northridge,Houses,CA,91325,"8458 Darby Ave Northridge, CA 91325",https://www.apartments.com/8458-darby-ave-northridge-ca/g6trmdy/,3 baths,"2,000 sq ft","2,000",,,,,6000,
,Daly City,Houses,CA,94014,"107 Oak Ct Daly City, CA 94014",https://www.apartments.com/107-oak-ct-daly-city-ca/qy5tbpy/,2 baths,"1,200 sq ft","1,200",,,,3600,,
,Menlo Park,Houses,CA,94025,"649 Partridge Ave Menlo Park, CA 94025",https://www.apartments.com/649-partridge-ave-menlo-park-ca/657me2t/,2 baths,"1,250 sq ft","1,250",,,,3995,,
,Manhattan Beach,Houses,CA,90266,"208 Marine Ave Manhattan Beach, CA 90266",https://www.apartments.com/208-marine-ave-manhattan-beach-ca/e0deyfq/,2 baths,"1,200 sq ft","1,200",,,,6900,,
,Manteca,Houses,CA,95337,"663 Monte Casa St. Manteca, CA 95337",https://www.apartments.com/663-monte-casa-st-manteca-ca/1dpmpz6/,3.5 baths,"2,356 sq ft","2,356",,,2500,,,
,Orange,Houses,CA,92867,"851 N Orange St Orange, CA 92867",https://www.apartments.com/851-n-orange-st-orange-ca/tqly55b/,1 bath,890 sq ft,890,,3050,,,,
,Victorville,Houses,CA,92392,"9222 Goss Rd Victorville, CA 92392",https://www.apartments.com/9222-goss-rd-victorville-ca/h4cj3s1/,1 bath,700 sq ft,700,,1450,,,,
,Los Angeles,Houses,CA,90063,"1340 Volney Dr Los Angeles, CA 90063",https://www.apartments.com/1340-volney-dr-los-angeles-ca/hzv0123/,1 bath,650 sq ft,650,,2000,,,,
2995,Los Angeles,Houses,CA,90025,"11321 Mississippi Ave Los Angeles, CA 90025",https://www.apartments.com/11321-mississippi-ave-los-angeles-ca/e56egvm/,1 bath,650 sq ft,650,,,,,,
,La Quinta,Houses,CA,92253,"51830 Avenida Villa La Quinta, CA 92253",https://www.apartments.com/51830-avenida-villa-la-quinta-ca/klwfq3c/,2 baths,"1,260 sq ft","1,260",,,6900,,,
,Santa Monica,Houses,CA,90404,"1527 18th St Santa Monica, CA 90404",https://www.apartments.com/1527-18th-st-santa-monica-ca/f66043r/,1 bath,"1,100 sq ft","1,100",,,,4300,,
,San Jose,Houses,CA,95117,"3558 Ban Ct San Jose, CA 95117",https://www.apartments.com/3558-ban-ct-san-jose-ca/p00g4wt/,3 baths,"2,349 sq ft","2,349",,,4650,,,
,Oakland,Houses,CA,94619,"4401 Masterson St Oakland, CA 94619",https://www.apartments.com/4401-masterson-st-oakland-ca/tkye4gb/,1 bath,325 sq ft,325,,,,,,1350
900,San Francisco,Houses,CA,94112,"399 Ellington Ave San Francisco, CA 94112",https://www.apartments.com/399-ellington-ave-san-francisco-ca/r1wg1v3/,2 baths,180 sq ft,180,,,,,,
,Pasadena,Houses,CA,91105,"40 Arlington Dr Pasadena, CA 91105",https://www.apartments.com/40-arlington-dr-pasadena-ca/gz35dgx/,1 bath,"1,400 sq ft","1,400",,,,3150,,
,San Francisco,Houses,CA,94110,"2840 Bryant St San Francisco, CA 94110",https://www.apartments.com/2840-bryant-st-san-francisco-ca/l7n1xpd/,1 bath,"2,048 sq ft","2,048",,,,4995,,
,San Francisco,Houses,CA,94122,"1466 15th Ave San Francisco, CA 94122",https://www.apartments.com/1466-15th-ave-san-francisco-ca/qd8emmz/,1 bath,"1,250 sq ft","1,250",,,,4000,,
1695,Los Angeles,Houses,CA,91344,"12360 Jolette Ave Los Angeles, CA 91344",https://www.apartments.com/12360-jolette-ave-los-angeles-ca/rftdc20/,1 bath,420 sq ft,420,,,,,,
,Santa Monica,Houses,CA,90404,"1915 Arizona Ave Santa Monica, CA 90404",https://www.apartments.com/1915-arizona-ave-santa-monica-ca/ygwxtxr/,1 bath,"1,000 sq ft","1,000",,4000,,,,
,Santa Monica,Houses,CA,90404,"1257 19th St Santa Monica, CA 90404",https://www.apartments.com/1257-19th-st-santa-monica-ca/3thd5le/,1 bath,"1,300 sq ft","1,300",,5500,,,,
,Simi Valley,Houses,CA,93063,"7846 Lilac Ln Simi Valley, CA 93063",https://www.apartments.com/7846-lilac-ln-simi-valley-ca/wpjg04h/,2 baths,"1,354 sq ft","1,354",,3495,,,,
,El Segundo,Houses,CA,90245,"1437 E Maple Ave El Segundo, CA 90245",https://www.apartments.com/1437-e-maple-ave-el-segundo-ca/p1tez7t/,2.5 baths,"2,700 sq ft","2,700",,,5700,,,
,Sunnyvale,Houses,CA,94089,"910 Lakewood Dr Sunnyvale, CA 94089",https://www.apartments.com/910-lakewood-dr-sunnyvale-ca/j3xy117/,2 baths,"1,108 sq ft","1,108",,,,3850,,
,Manhattan Beach,Houses,CA,90266,"341 6th St Manhattan Beach, CA 90266",https://www.apartments.com/341-6th-st-manhattan-beach-ca/m181cpk/,2 baths,"1,394 sq ft","1,394",,,,6750,,
2195,Los Angeles,Houses,CA,91364,"5133 Medina Rd Los Angeles, CA 91364",https://www.apartments.com/5133-medina-rd-los-angeles-ca/fkp9z3s/,1 bath,600 sq ft,600,,,,,,
1795,Woodland Hills,Houses,CA,91367,"5718 Comanche Ave Woodland Hills, CA 91367",https://www.apartments.com/5718-comanche-ave-woodland-hills-ca/scwe407/,1 bath,560 sq ft,560,,,,,,
,Redondo Beach,Houses,CA,90277,"700 North Irena Avenue Redondo Beach, CA 90277",https://www.apartments.com/700-north-irena-avenue-redondo-beach-ca/f2p0d3v/,2 baths,"2,010 sq ft","2,010",,,,7920,,
,San Diego,Houses,CA,92109,"832 Ormond Ct San Diego, CA 92109",https://www.apartments.com/832-ormond-ct-san-diego-ca/dyt2lql/,3 baths,"2,000 sq ft","2,000",,,,10000,,
,Milpitas,Houses,CA,95035,"617 Printy Ave Milpitas, CA 95035",https://www.apartments.com/617-printy-ave-milpitas-ca/1qlqzl4/,3 baths,"2,071 sq ft","2,071",,,4335,,,
,Newark,Houses,CA,94560,"39146 Ebbetts St Newark, CA 94560",https://www.apartments.com/39146-ebbetts-st-newark-ca/4bhd3bl/,3 baths,"1,781 sq ft","1,781",,,3800,,,
,Los Angeles,Houses,CA,90045,"5970 W 79th St Los Angeles, CA 90045",https://www.apartments.com/5970-w-79th-st-los-angeles-ca/ceqp77g/,3 baths,"4,500 sq ft","4,500",,,9000,,,
1650,Richmond,Houses,CA,94801,"623 21st St Richmond, CA 94801",https://www.apartments.com/623-21st-st-richmond-ca/cy0l6re/,1 bath,450 sq ft,450,,,,,,
,Los Angeles,Houses,CA,90027,"3808 Franklin Ave Los Angeles, CA 90027",https://www.apartments.com/3808-franklin-ave-los-angeles-ca/b8getl9/,4.5 baths,"3,219 sq ft","3,219",,,10800,,,
,West Hollywood,Houses,CA,90069,"811 N Sweetzer Ave West Hollywood, CA 90069",https://www.apartments.com/811-n-sweetzer-ave-west-hollywood-ca/cm3ntlf/,1.5 baths,"1,100 sq ft","1,100",,7500,,,,
,Daly City,Houses,CA,94014,"369 Winchester St Daly City, CA 94014",https://www.apartments.com/369-winchester-st-daly-city-ca/rd39lm1/,1 bath,500 sq ft,500,,2200,,,,
,Tarzana,Houses,CA,91335,"18400 Jovan St Tarzana, CA 91335",https://www.apartments.com/18400-jovan-st-tarzana-ca/yq9538s/,1 bath,498 sq ft,498,,2200,,,,
,Los Angeles,Houses,CA,90018,"1935 W 36th Pl Los Angeles, CA 90018",https://www.apartments.com/1935-w-36th-pl-los-angeles-ca/66h4c9v/,2 baths,"1,025 sq ft","1,025",,,,2995,,
,Los Angeles,Houses,CA,90066,"12567 McCune Ave Los Angeles, CA 90066",https://www.apartments.com/12567-mccune-ave-los-angeles-ca/lt831wg/,1.5 baths,"1,250 sq ft","1,250",,5000,,,,
,Granada Hills,Houses,CA,91344,"16749 Los Alimos St Granada Hills, CA 91344",https://www.apartments.com/16749-los-alimos-st-granada-hills-ca/t9d6nt8/,1 bath,380 sq ft,380,,,,,,1700
,San Francisco,Houses,CA,94122,"1714 34th Ave San Francisco, CA 94122",https://www.apartments.com/1714-34th-ave-san-francisco-ca/ylvqrnr/,1.5 baths,"1,150 sq ft","1,150",,4000,,,,
,San Jose,Houses,CA,95118,"5649 Rotterdam Ln San Jose, CA 95118",https://www.apartments.com/5649-rotterdam-ln-san-jose-ca/5x940yp/,1.5 baths,"1,200 sq ft","1,200",,,,4100,,
1650,Compton,Houses,CA,90220,"220 W Cocoa St Compton, CA 90220",https://www.apartments.com/220-w-cocoa-st-compton-ca/kfdmnec/,1 bath,900 sq ft,900,,,,,,
,Topanga,Houses,CA,90290,"100 Pawnee Ln Topanga, CA 90290",https://www.apartments.com/100-pawnee-ln-topanga-ca/frf4xyr/,1 bath,"1,650 sq ft","1,650",,5500,,,,
,Los Angeles,Houses,CA,90024,"10479 Wilkins Ave Los Angeles, CA 90024",https://www.apartments.com/10479-wilkins-ave-los-angeles-ca/dzxn07l/,6.5 baths,"3,991 sq ft","3,991",17995,,,,,
,San Francisco,Houses,CA,94122,"1570 23rd Ave San Francisco, CA 94122",https://www.apartments.com/1570-23rd-ave-san-francisco-ca/lsd444e/,2 baths,"1,170 sq ft","1,170",,,,4200,,
,San Jose,Houses,CA,95111,"3019 Angeloni Pl San Jose, CA 95111",https://www.apartments.com/3019-angeloni-pl-san-jose-ca/cjrbn3d/,2.5 baths,"1,811 sq ft","1,811",,,,,4000,
,Pittsburg,Houses,CA,94565,"4126 Brookside Dr Pittsburg, CA 94565",https://www.apartments.com/4126-brookside-dr-pittsburg-ca/g6d9p0x/,2 baths,"1,600 sq ft","1,600",,,,3300,,
,Fremont,Houses,CA,94538,"42763 Peachwood St Fremont, CA 94538",https://www.apartments.com/42763-peachwood-st-fremont-ca/60l321v/,1 bath,"1,000 sq ft","1,000",,,,3500,,
,Granada Hills,Houses,CA,91344,"11840 Highwater Rd Granada Hills, CA 91344",https://www.apartments.com/11840-highwater-rd-granada-hills-ca/6hg623r/,3 baths,"3,000 sq ft","3,000",,,,,4500,
2200,Newark,Houses,CA,94560,"6379 Marguerite Dr Newark, CA 94560",https://www.apartments.com/6379-marguerite-dr-newark-ca/p70b6zv/,1 bath,900 sq ft,900,,,,,,
,San Diego,Houses,CA,92113,"736 Jewell Dr San Diego, CA 92113",https://www.apartments.com/736-jewell-dr-san-diego-ca/emt8pgq/,2 baths,"1,530 sq ft","1,530",,,4800,,,
,Los Angeles,Houses,CA,90041,"1401 Eagle Vista Dr Los Angeles, CA 90041",https://www.apartments.com/1401-eagle-vista-dr-los-angeles-ca/86741f3/,3.5 baths,"2,292 sq ft","2,292",,,,7000,,
,Vallejo,Houses,CA,94590,"119 Contra Costa St Vallejo, CA 94590",https://www.apartments.com/119-contra-costa-st-vallejo-ca/t9hfps9/,1 bath,630 sq ft,630,,2300,,,,
,Los Angeles,Houses,CA,90032,"4921 Ithaca Ave Los Angeles, CA 90032",https://www.apartments.com/4921-ithaca-ave-los-angeles-ca/q69qbty/,1 bath,660 sq ft,660,,,,3000,,
,Canoga Park,Houses,CA,91304,"7706 Glassport Ave Canoga Park, CA 91304",https://www.apartments.com/7706-glassport-ave-canoga-park-ca/dll04nh/,2 baths,"1,500 sq ft","1,500",,,,4150,,
2450,Encino,Houses,CA,91436,"16809 Moorpark St Encino, CA 91436",https://www.apartments.com/16809-moorpark-st-encino-ca/62pt3cr/,1 bath,800 sq ft,800,,,,,,
,San Francisco,Houses,CA,94124,"16 Lydia Ave San Francisco, CA 94124",https://www.apartments.com/16-lydia-ave-san-francisco-ca/sxqqb27/,1 bath,320 sq ft,320,,1850,,,,
,Fremont,Houses,CA,94536,"35539 Mission Blvd Fremont, CA 94536",https://www.apartments.com/35539-mission-blvd-fremont-ca/hh5b2w0/,2 baths,"1,000 sq ft","1,000",,,,3200,,
2890,Pacifica,Houses,CA,94044,"780 Rockaway Beach Ave Pacifica, CA 94044",https://www.apartments.com/780-rockaway-beach-ave-pacifica-ca/nrjlenq/,1 bath,500 sq ft,500,,,,,,
,Los Angeles,Houses,CA,91423,"4079 Woodman Cyn Los Angeles, CA 91423",https://www.apartments.com/4079-woodman-cyn-los-angeles-ca/qt6cqtz/,2 baths,"1,166 sq ft","1,166",,,,9500,,
2250,Los Angeles,Houses,CA,90019,"901 5th Ave Los Angeles, CA 90019",https://www.apartments.com/901-5th-ave-los-angeles-ca/1y2pqw5/,2 baths,370 sq ft,370,,,,,,
1985,Los Angeles,Houses,CA,90034,"3284 Veteran Ave Los Angeles, CA 90034",https://www.apartments.com/3284-veteran-ave-los-angeles-ca/nz3w0sq/,1 bath,116 sq ft,116,,,,,,
,San Jose,Houses,CA,95148,"3287 Ruffino Ln San Jose, CA 95148",https://www.apartments.com/3287-ruffino-ln-san-jose-ca/bzbdv4c/,4 baths,"3,953 sq ft","3,953",,,,,5995,
,Los Angeles,Houses,CA,91423,"3715 Oakfield Dr Los Angeles, CA 91423",https://www.apartments.com/3715-oakfield-dr-los-angeles-ca/cx5xvvf/,2 baths,"1,900 sq ft","1,900",,5750,,,,
,La Crescenta-Montrose,Houses,CA,91214,"2832 Los Olivos Ln La Crescenta-Montrose, CA 91214",https://www.apartments.com/2832-los-olivos-ln-la-crescenta-montrose-ca/nnkes3n/,1 bath,525 sq ft,525,,,,,,1900
,Mountain View,Houses,CA,94041,"482 View St Mountain View, CA 94041",https://www.apartments.com/482-view-st-mountain-view-ca/3yh7dzf/,1 bath,810 sq ft,810,,3500,,,,
,Desert Hot Springs,Houses,CA,92240,"9122 Silver Star Ave Desert Hot Springs, CA 92240",https://www.apartments.com/9122-silver-star-ave-desert-hot-springs-ca/w7g51zj/,2 baths,"2,200 sq ft","2,200",,,,2500,,
,Redondo Beach,Houses,CA,90277,"109 N Irena Ave Redondo Beach, CA 90277",https://www.apartments.com/109-n-irena-ave-redondo-beach-ca/qwc7g3y/,3.5 baths,"1,650 sq ft","1,650",,,,7500,,
,Tujunga,Houses,CA,91042,"10858 Plainview Ave Tujunga, CA 91042",https://www.apartments.com/10858-plainview-ave-tujunga-ca/yx3cl7r/,2 baths,"1,278 sq ft","1,278",,,,4500,,
,Los Angeles,Houses,CA,90066,"3909 McLaughlin Ave Los Angeles, CA 90066",https://www.apartments.com/3909-mclaughlin-ave-los-angeles-ca/9wdvk06/,2 baths,"1,400 sq ft","1,400",,3800,,,,
,Malibu,Houses,CA,90265,"3440 Shoreheights Dr Malibu, CA 90265",https://www.apartments.com/3440-shoreheights-dr-malibu-ca/t2j5d9c/,3 baths,"3,000 sq ft","3,000",,,,12950,,
,Sacramento,Houses,CA,95822,"2330 51st Ave Sacramento, CA 95822",https://www.apartments.com/2330-51st-ave-sacramento-ca/39n8zmf/,2 baths,"1,224 sq ft","1,224",,,,2400,,
,Sacramento,Houses,CA,95815,"260 El Camino Ave Sacramento, CA 95815",https://www.apartments.com/260-el-camino-ave-sacramento-ca/y9gfq5r/,2 baths,"2,200 sq ft","2,200",,,2500,,,
,Glendale,Houses,CA,91214,"3426 Montrose Ave Glendale, CA 91214",https://www.apartments.com/3426-montrose-ave-glendale-ca/kxxmst9/,2.5 baths,"1,340 sq ft","1,340",,,,3600,,
,Los Angeles,Houses,CA,91343,"8959 Sophia Ave Los Angeles, CA 91343",https://www.apartments.com/8959-sophia-ave-los-angeles-ca/t3wlwvc/,2 baths,"1,325 sq ft","1,325",,,,4000,,
,Woodland Hills,Houses,CA,91364,"4420 San Blas Ave Woodland Hills, CA 91364",https://www.apartments.com/4420-san-blas-ave-woodland-hills-ca/br1hkt8/,1 bath,485 sq ft,485,,,,,,2500
,Lathrop,Houses,CA,95330,"16211 Sedona Ln Lathrop, CA 95330",https://www.apartments.com/16211-sedona-ln-lathrop-ca/p58b4gt/,3 baths,"2,044 sq ft","2,044",,,2800,,,
,Redwood City,Houses,CA,94061,"555 Redwood Ave Redwood City, CA 94061",https://www.apartments.com/555-redwood-ave-redwood-city-ca/0g5dh73/,2 baths,"1,336 sq ft","1,336",,,,4600,,
,Lakeport,Houses,CA,95453,"3677 Lakeshore Blvd Lakeport, CA 95453",https://www.apartments.com/3677-lakeshore-blvd-lakeport-ca/gbll35z/,2 baths,"1,500 sq ft","1,500",,,,2200,,
,Menlo Park,Houses,CA,94025,"1110 Madera Ave Menlo Park, CA 94025",https://www.apartments.com/1110-madera-ave-menlo-park-ca/mec6p1j/,1 bath,"1,040 sq ft","1,040",,,,3700,,