1 bed,City_Rent,Type,State_Rent,Zip_code,Full_Address,Rent_link,Bath_Info,Square_Feet_Data,Square_Feet,2 beds,Studio,5 beds,3 beds,4 beds
2350.0,Berkeley,Condos,CA,94703,"1654 Dwight Way Berkeley, CA 94703",https://www.apartments.com/1654-dwight-way-berkeley-ca/9xvdt34/,1 bath,600 sq ft,600,,,,,
,San Rafael,Condos,CA,94903,"72 Surrey Ln Unit 72 Surrey San Rafael, CA 94903",https://www.apartments.com/72-surrey-ln-san-rafael-ca-unit-72-surrey/68k1kqt/,2 baths,983 sq ft,983,4000.0,,,,
,Los Angeles,Condos,CA,90015,"1050 S Grand Ave Unit 2105 Los Angeles, CA 90015",https://www.apartments.com/1050-s-grand-ave-los-angeles-ca-unit-2105/25q34eb/,2.5 baths,"2,150 sq ft","2,150",11950.0,,,,
1995.0,Berkeley,Condos,CA,94703,"1826 Alcatraz Ave Berkeley, CA 94703",https://www.apartments.com/1826-alcatraz-ave-berkeley-ca/gyfb7yz/,1 bath,600 sq ft,600,,1795.0,,,
2450.0,Berkeley,Condos,CA,94703,"1590 Oregon St Berkeley, CA 94703",https://www.apartments.com/1590-oregon-st-berkeley-ca/b51ndl8/,1 bath,800 sq ft,800,2850.0,,,,
,Inglewood,Condos,CA,90301,"428 W Queen St Unit 3 Inglewood, CA 90301",https://www.apartments.com/428-w-queen-st-inglewood-ca-unit-3/6y0pest/,2 baths,"1,089 sq ft","1,089",2400.0,,,,
,Los Angeles,Condos,CA,90039,"2974 Ripple Pl Unit 201 Los Angeles, CA 90039",https://www.apartments.com/2974-ripple-pl-los-angeles-ca-unit-201/dq2yn1l/,3 baths,"2,010 sq ft","2,010",,,4750.0,,
,Long Beach,Condos,CA,90803,"5432 E Sorrento Dr Long Beach, CA 90803",https://www.apartments.com/5432-e-sorrento-dr-long-beach-ca/2qtsyz9/,1 bath,343 sq ft,343,,1850.0,,,
,San Luis Obispo,Condos,CA,93405,"1527 Royal Way Unit 1 San Luis Obispo, CA 93405",https://www.apartments.com/1527-royal-way-san-luis-obispo-ca-unit-1/btn67vc/,2 baths,"1,100 sq ft","1,100",2450.0,,,,
1950.0,Los Angeles,Condos,CA,90025,"1722 Armacost Ave Los Angeles, CA 90025",https://www.apartments.com/1722-armacost-ave-los-angeles-ca/w1rk20h/,1 bath,700 sq ft,700,,,,,
,Beverly Hills,Condos,CA,90212,"211 S Spalding Dr Unit S 305 Beverly Hills, CA 90212",https://www.apartments.com/211-s-spalding-dr-beverly-hills-ca-unit-s-305/92tehm6/,2.5 baths,"2,100 sq ft","2,100",5890.0,,,,
2800.0,San Mateo,Condos,CA,94401,"943 N Idaho St San Mateo, CA 94401",https://www.apartments.com/943-n-idaho-st-san-mateo-ca/1htpcf4/,1 bath,700 sq ft,700,,,,,
2975.0,Los Angeles,Condos,CA,90024,"1284 Devon Ave Los Angeles, CA 90024",https://www.apartments.com/1284-devon-ave-los-angeles-ca/bk7ncx9/,1 bath,900 sq ft,900,,,,,
2450.0,Santa Monica,Condos,CA,90403,"823 5th St Santa Monica, CA 90403",https://www.apartments.com/823-5th-st-santa-monica-ca/jfr3bh5/,1 bath,800 sq ft,800,,,,,
2595.0,Santa Monica,Condos,CA,90403,"830 20th St Santa Monica, CA 90403",https://www.apartments.com/830-20th-st-santa-monica-ca/fvb72zs/,1 bath,750 sq ft,750,,,,,
,Santa Monica,Condos,CA,90405,"920 Marine St Santa Monica, CA 90405",https://www.apartments.com/920-marine-st-santa-monica-ca/fz5lc3r/,1.5 baths,950 sq ft,950,3535.0,,,,
,Sunnyvale,Condos,CA,94085,"686 Borregas Ave Sunnyvale, CA 94085",https://www.apartments.com/686-borregas-ave-sunnyvale-ca/sj29r65/,2 baths,"1,600 sq ft","1,600",,,,5000.0,
,Los Angeles,Condos,CA,90045,"8421 Barnsley Ave Los Angeles, CA 90045",https://www.apartments.com/8421-barnsley-ave-los-angeles-ca/k2xv0qb/,1 bath,"1,000 sq ft","1,000",,,,3400.0,
,Los Angeles,Condos,CA,91367,"5500 Owensmouth Ave Unit 201 5500 Owensmouth Ave, Los Angeles, CA 91367",https://www.apartments.com/5500-owensmouth-ave-los-angeles-ca-unit-201/c169r3e/,2 baths,960 sq ft,960,2400.0,,,,
,San Francisco,Condos,CA,94103,"1222 Harrison St San Francisco, CA 94103",https://www.apartments.com/1222-harrison-st-san-francisco-ca/78gpc8z/,1 bath,460 sq ft,460,,3100.0,,,
3690.0,San Francisco,Condos,CA,94107,"1 St Francis Pl San Francisco, CA 94107",https://www.apartments.com/1-st-francis-pl-san-francisco-ca/jmx0z64/,1 bath,564 sq ft,564,,,,,
,Oakland,Condos,CA,94608,"6037 Market St Oakland, CA 94608",https://www.apartments.com/6037-market-st-oakland-ca/yqgwz8s/,2 baths,"1,100 sq ft","1,100",,,,,4185.0
,Los Angeles,Condos,CA,90025,"1824 S Barrington Ave Los Angeles, CA 90025",https://www.apartments.com/1824-s-barrington-ave-los-angeles-ca/80pfgd0/,2 baths,950 sq ft,950,2450.0,,,,
4695.0,San Francisco,Condos,CA,94123,"2765 Lombard St San Francisco, CA 94123",https://www.apartments.com/2765-lombard-st-san-francisco-ca/yqp955r/,1 bath,920 sq ft,920,,3195.0,,,
3000.0,Huntington Beach,Condos,CA,92649,"16839 Bluewater Ln Unit 5 Huntington Beach, CA 92649",https://www.apartments.com/16839-bluewater-ln-huntington-beach-ca-unit-5/hjy31t3/,1 bath,781 sq ft,781,,,,,
,San Diego,Condos,CA,92101,"700 W E St Unit 4301 San Diego, CA 92101",https://www.apartments.com/700-w-e-st-san-diego-ca-unit-4301/y6e03bv/,2 baths,"1,834 sq ft","1,834",,,,7900.0,
,San Francisco,Condos,CA,94110,"23 Coso Ave San Francisco, CA 94110",https://www.apartments.com/23-coso-ave-san-francisco-ca/jdbwd36/,1.5 baths,"1,250 sq ft","1,250",,,,4600.0,
,Los Angeles,Condos,CA,90037,"441 W 52nd St Los Angeles, CA 90037",https://www.apartments.com/441-w-52nd-st-los-angeles-ca/4y5cxpj/,1 bath,"1,000 sq ft","1,000",,,,2300.0,
,West Hollywood,Condos,CA,90069,"1010 Palm Ave Unit 309 West Hollywood, CA 90069",https://www.apartments.com/1010-palm-ave-west-hollywood-ca-unit-309/vlxbvsd/,2 baths,"1,043 sq ft","1,043",3500.0,,,,
,San Francisco,Condos,CA,94102,"55 Page St Unit 514 San Francisco, CA 94102",https://www.apartments.com/55-page-st-san-francisco-ca-unit-514/g8tnn8y/,1 bath,476 sq ft,476,,3200.0,,,
,West Hollywood,Condos,CA,90069,"1155 N La Cienega Blvd Unit 1209 West Hollywood, CA 90069",https://www.apartments.com/1155-n-la-cienega-blvd-west-hollywood-ca-unit-1209/pmyfnet/,2.5 baths,"1,676 sq ft","1,676",9990.0,,,,
,Berkeley,Condos,CA,94710,"1917 6th St Berkeley, CA 94710",https://www.apartments.com/1917-6th-st-berkeley-ca/sqlzf05/,1 bath,700 sq ft,700,3000.0,,,,
,Oakland,Condos,CA,94608,"1102 28th St Unit 0 Oakland, CA 94608",https://www.apartments.com/1102-28th-st-oakland-ca-unit-0/f5wqtmr/,2 baths,"1,100 sq ft","1,100",,,,,4000.0
,Los Angeles,Condos,CA,90024,"10982 Roebling Ave Unit 351 10982 Roebling Ave, Los Angeles, CA 90024",https://www.apartments.com/10982-roebling-ave-los-angeles-ca-unit-351/v4271ve/,2 baths,898 sq ft,898,4500.0,,,,
,Sunnyvale,Condos,CA,94086,"1008 Helen Ave Unit 4 Sunnyvale, CA 94086",https://www.apartments.com/1008-helen-ave-sunnyvale-ca-unit-4/tvsk428/,1 bath,750 sq ft,750,2480.0,,,,
1895.0,Oakland,Condos,CA,94606,"650 E 17th St Oakland, CA 94606",https://www.apartments.com/650-e-17th-st-oakland-ca/dzxjtfk/,1 bath,800 sq ft,800,,1725.0,,,
,Burbank,Condos,CA,91502,"342 E Providencia Ave Burbank, CA 91502",https://www.apartments.com/342-e-providencia-ave-burbank-ca/5y6cpgm/,1 bath,425 sq ft,425,,1525.0,,,
2000.0,San Jose,Condos,CA,95112,"25 S 10th St San Jose, CA 95112",https://www.apartments.com/25-s-10th-st-san-jose-ca/g2hqw9w/,1 bath,800 sq ft,800,2500.0,,,,
,Los Alamitos,Condos,CA,90720,"3952 Howard Ave Los Alamitos, CA 90720",https://www.apartments.com/3952-howard-ave-los-alamitos-ca/lz035we/,2 baths,"1,299 sq ft","1,299",2300.0,,,3050.0,
,San Francisco,Condos,CA,94131,"970 Duncan St Unit 301F San Francisco, CA 94131",https://www.apartments.com/970-duncan-st-san-francisco-ca-unit-301f/c8bf0nd/,1 bath,"1,010 sq ft","1,010",4200.0,,,,
,Los Gatos,Condos,CA,95032,"131 Escobar Ave Los Gatos, CA 95032",https://www.apartments.com/131-escobar-ave-los-gatos-ca/pbs55ts/,2 baths,"1,218 sq ft","1,218",,,,3700.0,
,San Francisco,Condos,CA,94118,"614 Anza St San Francisco, CA 94118",https://www.apartments.com/614-anza-st-san-francisco-ca/qtl21hw/,2 baths,"1,600 sq ft","1,600",,,,4500.0,
,Inglewood,Condos,CA,90302,"555 E Hazel St Inglewood, CA 90302",https://www.apartments.com/555-e-hazel-st-inglewood-ca/nnvklwn/,1 bath,"1,010 sq ft","1,010",1900.0,,,,
,San Jose,Condos,CA,95129,"611 Bolton Ct San Jose, CA 95129",https://www.apartments.com/611-bolton-ct-san-jose-ca/hn7kh50/,1 bath,800 sq ft,800,2200.0,,,,
,Encino,Condos,CA,91436,"15540 Moorpark St Encino, CA 91436",https://www.apartments.com/15540-moorpark-st-encino-ca/r7ecw92/,2.5 baths,"1,600 sq ft","1,600",2495.0,,,3250.0,
2200.0,Los Angeles,Condos,CA,90034,"3466 Glendon Ave 3466 Glendon Ave, Los Angeles, CA 90034",https://www.apartments.com/3466-glendon-ave-los-angeles-ca/y32k7qs/,1 bath,600 sq ft,600,,,,,
1995.0,Oakland,Condos,CA,94609,"475 Alcatraz Ave Oakland, CA 94609",https://www.apartments.com/475-alcatraz-ave-oakland-ca/gtgd9wx/,1 bath,800 sq ft,800,2450.0,,,,
,Los Angeles,Condos,CA,90035,"1129 S Sherbourne Dr Los Angeles, CA 90035",https://www.apartments.com/1129-s-sherbourne-dr-los-angeles-ca/z6hrs7z/,2 baths,"1,000 sq ft","1,000",2600.0,,,,
,San Francisco,Condos,CA,94110,"555 Dolores St Unit 555 San Francisco, CA 94110",https://www.apartments.com/555-dolores-st-san-francisco-ca-unit-555/8jwbnf2/,1.5 baths,"1,584 sq ft","1,584",,,,8250.0,
2100.0,Los Angeles,Condos,CA,90293,"8710 Delgany Ave 8710 Delgany Ave, Los Angeles, CA 90293",https://www.apartments.com/8710-delgany-ave-los-angeles-ca/mp1hn0h/,1.5 baths,850 sq ft,850,,,,,
,Los Angeles,Condos,CA,90049,"11644 Montana Ave Los Angeles, CA 90049",https://www.apartments.com/11644-montana-ave-los-angeles-ca/esft3ep/,3 baths,100 sq ft,100,,,,,5250.0
,Los Angeles,Condos,CA,90045,"8620 Belford Ave Unit 601 Los Angeles, CA 90045",https://www.apartments.com/8620-belford-ave-los-angeles-ca-unit-601/84ce0n0/,2.5 baths,"1,330 sq ft","1,330",3800.0,,,,
3000.0,West Hollywood,Condos,CA,90069,"8550 Holloway Dr Unit 406 West Hollywood, CA 90069",https://www.apartments.com/8550-holloway-dr-west-hollywood-ca-unit-406/czgh0fg/,1 bath,818 sq ft,818,,,,,
,Los Angeles,Condos,CA,90025,"12120 Ohio Ave 12120 Ohio Ave, Los Angeles, CA 90025",https://www.apartments.com/12120-ohio-ave-los-angeles-ca/h5lrrw2/,1 bath,850 sq ft,850,2495.0,,,,
,Los Angeles,Condos,CA,90025,"1907 Malcolm Ave Los Angeles, CA 90025",https://www.apartments.com/1907-malcolm-ave-los-angeles-ca/xhterhn/,2 baths,"1,450 sq ft","1,450",,,,4950.0,
,Culver City,Condos,CA,90230,"3302 Summertime Ln Unit 3302 3302 Summertime Ln, Culver City, CA 90230",https://www.apartments.com/3302-summertime-ln-culver-city-ca-unit-3302/1t7mrx4/,2 baths,"1,084 sq ft","1,084",3200.0,,,,
,Los Angeles,Condos,CA,90049,"12000 Goshen Ave Unit 106 Los Angeles, CA 90049",https://www.apartments.com/12000-goshen-ave-los-angeles-ca-unit-106/x72lssm/,4 baths,"1,910 sq ft","1,910",,,,,5550.0
3250.0,Santa Monica,Condos,CA,90405,"2216 Main St Santa Monica, CA 90405",https://www.apartments.com/2216-main-st-santa-monica-ca/hrhqpl3/,1 bath,750 sq ft,750,,,,,
2000.0,Playa del Rey,Condos,CA,90293,"8650 Gulana Ave Unit L1181 8650 Gulana Ave, Playa del Rey, CA 90293",https://www.apartments.com/8650-gulana-ave-playa-del-rey-ca-unit-l1181/d77bs7h/,1 bath,616 sq ft,616,,,,,
,Los Angeles,Condos,CA,90035,"8648 W Olympic Blvd Los Angeles, CA 90035",https://www.apartments.com/8648-w-olympic-blvd-los-angeles-ca/bkn2dm8/,2.5 baths,"1,300 sq ft","1,300",3750.0,,,,
,Los Angeles,Condos,CA,90025,"1328 S Bundy Dr Unit #1 Los Angeles, CA 90025",https://www.apartments.com/1328-s-bundy-dr-los-angeles-ca-unit-1/3d0kt5d/,2.5 baths,"1,290 sq ft","1,290",3950.0,,,,
,Santa Monica,Condos,CA,90401,"1431 7th St Santa Monica, CA 90401",https://www.apartments.com/1431-7th-st-santa-monica-ca/cc1zjdf/,2 baths,850 sq ft,850,4485.0,,,,
4000.0,Redondo Beach,Condos,CA,90277,"1920 S Pacific Coast Hwy Unit 308 Redondo Beach, CA 90277",https://www.apartments.com/1920-s-pacific-coast-hwy-redondo-beach-ca-unit-308/qtdc3fz/,1 bath,926 sq ft,926,,,,,
2525.0,Oakland,Condos,CA,94607,"585 9th St Unit 525 Oakland, CA 94607",https://www.apartments.com/585-9th-st-oakland-ca-unit-525/gehk20z/,1 bath,828 sq ft,828,,,,,
,Los Angeles,Condos,CA,90038,"5820 La Mirada Ave Los Angeles, CA 90038",https://www.apartments.com/5820-la-mirada-ave-los-angeles-ca/23n0zp9/,2 baths,"1,640 sq ft","1,640",3150.0,,,3950.0,
2500.0,Santa Monica,Condos,CA,90403,"819 California Ave Santa Monica, CA 90403",https://www.apartments.com/819-california-ave-santa-monica-ca/2160q7b/,1 bath,700 sq ft,700,,,,,
,Sunnyvale,Condos,CA,94086,"747 Calla Dr Sunnyvale, CA 94086",https://www.apartments.com/747-calla-dr-sunnyvale-ca/pww6xev/,1.5 baths,950 sq ft,950,3249.0,,,,
4160.0,Campbell,Condos,CA,95008,"1725 S Bascom Ave Campbell, CA 95008",https://www.apartments.com/1725-s-bascom-ave-campbell-ca/4nl9e5h/,1 bath,839 sq ft,839,,,,,
2730.0,Los Angeles,Condos,CA,90066,"12600 Braddock Dr Los Angeles, CA 90066",https://www.apartments.com/12600-braddock-dr-los-angeles-ca/bhmh4c8/,1 bath,650 sq ft,650,,,,,
,Los Angeles,Condos,CA,90066,"3939 Moore St Los Angeles, CA 90066",https://www.apartments.com/3939-moore-st-los-angeles-ca/5zw6f6n/,3 baths,"1,500 sq ft","1,500",,,,,3900.0
,Los Angeles,Condos,CA,90034,"10507 Woodbine St 10507 Woodbine St, Los Angeles, CA 90034",https://www.apartments.com/10507-woodbine-st-los-angeles-ca/gs231dx/,1 bath,700 sq ft,700,2185.0,,,,
,Campbell,Condos,CA,95008,"215 Union Ave Campbell, CA 95008",https://www.apartments.com/215-union-ave-campbell-ca/h9gpf93/,2 baths,950 sq ft,950,4480.0,,,,
,Santa Clarita,Condos,CA,91351,"26860 Claudette St Unit 154 Santa Clarita, CA 91351",https://www.apartments.com/26860-claudette-st-santa-clarita-ca-unit-154/4b983ch/,2 baths,"1,025 sq ft","1,025",2395.0,,,,
,Toluca Lake,Condos,CA,91602,"4424 Cartwright Ave 4424 Cartwright Ave, Toluca Lake, CA 91602",https://www.apartments.com/4424-cartwright-ave-toluca-lake-ca/rktd0f1/,2 baths,"1,300 sq ft","1,300",2500.0,,,,
,Santa Monica,Condos,CA,90403,"1127 10th St Unit 104 Santa Monica, CA 90403",https://www.apartments.com/1127-10th-st-santa-monica-ca-unit-104/rd2ebl1/,2 baths,"1,307 sq ft","1,307",,,,4850.0,
1925.0,Los Angeles,Condos,CA,90034,"3102 Bagley Ave Los Angeles, CA 90034",https://www.apartments.com/3102-bagley-ave-los-angeles-ca/1k47ck6/,1 bath,650 sq ft,650,,,,,
1950.0,Los Angeles,Condos,CA,90025,"1436 Brockton Ave 1436 Brockton Ave, Los Angeles, CA 90025",https://www.apartments.com/1436-brockton-ave-los-angeles-ca/dljp4xk/,1 bath,750 sq ft,750,,,,,
3230.0,Santa Clara,Condos,CA,95054,"1510 Vista Club Cir Santa Clara, CA 95054",https://www.apartments.com/1510-vista-club-cir-santa-clara-ca/4xhl9zk/,1 bath,735 sq ft,735,,,,,
3490.0,Campbell,Condos,CA,95008,"225 Union Ave Campbell, CA 95008",https://www.apartments.com/225-union-ave-campbell-ca/2gvgzq9/,1 bath,750 sq ft,750,,,,,
3000.0,West Hollywood,Condos,CA,90069,"930 Palm Ave West Hollywood, CA 90069",https://www.apartments.com/930-palm-ave-west-hollywood-ca/ps1vs8v/,1 bath,610 sq ft,610,,,,,
3030.0,Santa Clara,Condos,CA,95050,"2147 Newhall St Santa Clara, CA 95050",https://www.apartments.com/2147-newhall-st-santa-clara-ca/75sqx5x/,1 bath,700 sq ft,700,,,,,
3230.0,Santa Clara,Condos,CA,95054,"1664 Hope Dr Santa Clara, CA 95054",https://www.apartments.com/1664-hope-dr-santa-clara-ca/p2yrnct/,1 bath,790 sq ft,790,,,,,
4860.0,San Francisco,Condos,CA,94103,"30 Dore St San Francisco, CA 94103",https://www.apartments.com/30-dore-st-san-francisco-ca/tmf1qwb/,1 bath,600 sq ft,600,,,,,
,Campbell,Condos,CA,95008,"516 Railway Ave Campbell, CA 95008",https://www.apartments.com/516-railway-ave-campbell-ca/bn7n358/,2 baths,"1,064 sq ft","1,064",4080.0,,,,
,Santa Clara,Condos,CA,95054,"1570 Vista Club Cir Santa Clara, CA 95054",https://www.apartments.com/1570-vista-club-cir-santa-clara-ca/9n3dhv5/,2 baths,"1,012 sq ft","1,012",3820.0,,,,
2530.0,Los Angeles,Condos,CA,90046,"1340 N Poinsettia Pl Los Angeles, CA 90046",https://www.apartments.com/1340-n-poinsettia-pl-los-angeles-ca/dve3jtl/,1 bath,650 sq ft,650,,,,,
3860.0,San Francisco,Condos,CA,94107,"900 Folsom St San Francisco, CA 94107",https://www.apartments.com/900-folsom-st-san-francisco-ca/kdek618/,1 bath,663 sq ft,663,,,,,
3230.0,Santa Clara,Condos,CA,95054,"4503 Carlyle Ct Santa Clara, CA 95054",https://www.apartments.com/4503-carlyle-ct-santa-clara-ca/zcm3fcy/,1 bath,717 sq ft,717,,,,,
,San Francisco,Condos,CA,94103,"400 Clementina St San Francisco, CA 94103",https://www.apartments.com/400-clementina-st-san-francisco-ca/3v3k83f/,2 baths,829 sq ft,829,4720.0,,,,
3840.0,San Francisco,Condos,CA,94103,"400 Clementina St San Francisco, CA 94103",https://www.apartments.com/400-clementina-st-san-francisco-ca/ys53frr/,1 bath,632 sq ft,632,,,,,
,Palo Alto,Condos,CA,94303,"777 San Antonio Rd Unit 77 Palo Alto, CA 94303",https://www.apartments.com/777-san-antonio-rd-palo-alto-ca-unit-77/x0g41cn/,2 baths,"1,212 sq ft","1,212",,,,4600.0,
2100.0,West Hollywood,Condos,CA,90069,"8575 Holloway Dr West Hollywood, CA 90069",https://www.apartments.com/8575-holloway-dr-west-hollywood-ca/kk5fls8/,1 bath,800 sq ft,800,,,,,
,West Hollywood,Condos,CA,90069,"8575 Holloway Dr West Hollywood, CA 90069",https://www.apartments.com/8575-holloway-dr-west-hollywood-ca/v8x0vdd/,2 baths,,,2999.0,,,,
,Los Angeles,Condos,CA,90047,"1562 W 107th St Los Angeles, CA 90047",https://www.apartments.com/1562-w-107th-st-los-angeles-ca/5pzlthq/,1 bath,710 sq ft,710,1875.0,,,,
,Los Angeles,Condos,CA,90042,"6050 La Prada Ln Los Angeles, CA 90042",https://www.apartments.com/6050-la-prada-ln-los-angeles-ca/268c4p9/,1 bath,840 sq ft,840,2050.0,,,,
,Fremont,Condos,CA,94538,"4041 Park Center Ln Fremont, CA 94538",https://www.apartments.com/4041-park-center-ln-fremont-ca/9eh0v65/,1 bath,840 sq ft,840,2050.0,,,,
1595.0,Inglewood,Condos,CA,90301,"231 W Olive St 231 W Olive St, Inglewood, CA 90301",https://www.apartments.com/231-w-olive-st-inglewood-ca/8fznhp0/,1 bath,800 sq ft,800,,,,,
,Los Angeles,Condos,CA,90024,"10630 Wilkins Ave Los Angeles, CA 90024",https://www.apartments.com/10630-wilkins-ave-los-angeles-ca/c8tnfcd/,3 baths,"1,712 sq ft","1,712",3700.0,,,5000.0,
,Marina del Rey,Condos,CA,90292,"29 Lighthouse St Marina del Rey, CA 90292",https://www.apartments.com/29-lighthouse-st-marina-del-rey-ca/f9w7qlv/,2 baths,"2,020 sq ft","2,020",,,,7250.0,
,Inglewood,Condos,CA,90302,"714 N Market St Inglewood, CA 90302",https://www.apartments.com/714-n-market-st-inglewood-ca/mn1q4pk/,1 bath,300 sq ft,300,,1300.0,,,
1850.0,Los Angeles,Condos,CA,91403,"15050 Moorpark St 15050 Moorpark St, Los Angeles, CA 91403",https://www.apartments.com/15050-moorpark-st-los-angeles-ca/y98qczs/,1.5 baths,800 sq ft,800,,,,,
,West Hollywood,Condos,CA,90046,"7763 Romaine St West Hollywood, CA 90046",https://www.apartments.com/7763-romaine-st-west-hollywood-ca/ncfw82n/,1 bath,900 sq ft,900,2195.0,,,,
2300.0,Los Angeles,Condos,CA,90004,"112 N Edgemont St Los Angeles, CA 90004",https://www.apartments.com/112-n-edgemont-st-los-angeles-ca/k5lghk8/,1 bath,"1,000 sq ft","1,000",,,,,
2350.0,Beverly Hills,Condos,CA,90210,"444 N Oakhurst Dr Beverly Hills, CA 90210",https://www.apartments.com/444-n-oakhurst-dr-beverly-hills-ca/mkfcp2l/,1 bath,750 sq ft,750,,,,,
,Los Angeles,Condos,CA,90048,"648 N Hayworth Ave Los Angeles, CA 90048",https://www.apartments.com/648-n-hayworth-ave-los-angeles-ca/0bj55y3/,2 baths,"1,000 sq ft","1,000",2600.0,,,,
3500.0,Los Angeles,Condos,CA,90024,"10960 Ashton Ave Unit 411 10960 Ashton Ave, Los Angeles, CA 90024",https://www.apartments.com/10960-ashton-ave-los-angeles-ca-unit-411/39wex8g/,1.5 baths,800 sq ft,800,,,,,
,Santa Monica,Condos,CA,90404,"2812 Arizona Ave Unit D 2812 Arizona Ave, Santa Monica, CA 90404",https://www.apartments.com/2812-arizona-ave-santa-monica-ca-unit-d/7cbw1yz/,1 bath,850 sq ft,850,2560.0,,,,
2250.0,Santa Monica,Condos,CA,90404,"1317 19th St Santa Monica, CA 90404",https://www.apartments.com/1317-19th-st-santa-monica-ca/l2gmrjd/,1 bath,600 sq ft,600,,,,,
,Santa Monica,Condos,CA,90403,"1134 11th St Santa Monica, CA 90403",https://www.apartments.com/1134-11th-st-santa-monica-ca/e0rfdvm/,2 baths,"1,250 sq ft","1,250",2700.0,,,,
,San Pedro,Condos,CA,90732,"1669 Dalmatia Dr Unit 1669 San Pedro, CA 90732",https://www.apartments.com/1669-dalmatia-dr-san-pedro-ca-unit-1669/3723j9e/,2.5 baths,"1,351 sq ft","1,351",3100.0,,,,
,Los Angeles,Condos,CA,90025,"11515 Rochester Ave 11515 Rochester Ave, Los Angeles, CA 90025",https://www.apartments.com/11515-rochester-ave-los-angeles-ca/j35k594/,2 baths,"1,100 sq ft","1,100",2700.0,,,,
1895.0,Los Angeles,Condos,CA,91406,"15432 Gault St Los Angeles, CA 91406",https://www.apartments.com/15432-gault-st-los-angeles-ca/66qtqpv/,1 bath,550 sq ft,550,,,,,
1950.0,Los Angeles,Condos,CA,91406,"15432 Gault St Los Angeles, CA 91406",https://www.apartments.com/15432-gault-st-los-angeles-ca/3v05tcf/,1 bath,550 sq ft,550,,,,,
1995.0,Los Angeles,Condos,CA,91406,"15432 Gault St Los Angeles, CA 91406",https://www.apartments.com/15432-gault-st-los-angeles-ca/jmyqef4/,1 bath,548 sq ft,548,,,,,
1995.0,Los Angeles,Condos,CA,91406,"15432 Gault St Los Angeles, CA 91406",https://www.apartments.com/15432-gault-st-los-angeles-ca/n0fl9eq/,1 bath,550 sq ft,550,,,,,
,Los Angeles,Condos,CA,90035,"825 S Bedford St Los Angeles, CA 90035",https://www.apartments.com/825-s-bedford-st-los-angeles-ca/mb583vh/,2 baths,"1,200 sq ft","1,200",2199.0,,,,
2600.0,Los Angeles,Condos,CA,90049,"11915 Darlington Ave Los Angeles, CA 90049",https://www.apartments.com/11915-darlington-ave-los-angeles-ca/1bt8g64/,1 bath,750 sq ft,750,,,,,
,Santa Clara,Condos,CA,95051,"131 Saratoga Ave Santa Clara, CA 95051",https://www.apartments.com/131-saratoga-ave-santa-clara-ca/7bce5bz/,2 baths,925 sq ft,925,3320.0,,,,
2710.0,Los Angeles,Condos,CA,90066,"12530 Braddock Dr Los Angeles, CA 90066",https://www.apartments.com/12530-braddock-dr-los-angeles-ca/gkg54vw/,1 bath,650 sq ft,650,,,,,
