1 bed,City_Rent,Type,State_Rent,Zip_code,Full_Address,Rent_link,Bath_Info,Square_Feet_Data,Square_Feet,3 beds,2 beds,4 beds,5 beds,Studio
2250,oakland,Townhomes,CA,94606,"832 7th Ave oakland, CA 94606",https://www.apartments.com/832-7th-ave-oakland-ca/xwbr3cq/,1 bath,300 sq ft,300,,,,,
,Santa Monica,Townhomes,CA,90405,"2203 3rd Street Santa Monica, CA 90405",https://www.apartments.com/2203-3rd-street-santa-monica-ca/j7ekmg4/,2.5 baths,"1,950 sq ft","1,950",8495,,,,
,Carlsbad,Townhomes,CA,92009,"2838 Luciernaga St Carlsbad, CA 92009",https://www.apartments.com/2838-luciernaga-st-carlsbad-ca/s3psqe6/,3 baths,"1,824 sq ft","1,824",3500,,,,
,Pasadena,Townhomes,CA,91106,"269 Ohio St Pasadena, CA 91106",https://www.apartments.com/269-ohio-st-pasadena-ca/vxk62gg/,2 baths,"1,200 sq ft","1,200",,2700,,,
1100,Kelseyville,Townhomes,CA,95451,"3536 Pine Ave Kelseyville, CA 95451",https://www.apartments.com/3536-pine-ave-kelseyville-ca/7dbv5lx/,1 bath,960 sq ft,960,,,,,
,Los Angeles,Townhomes,CA,90039,"2921 N Coolidge Ave Los Angeles, CA 90039",https://www.apartments.com/2921-n-coolidge-ave-los-angeles-ca/3j0mjmd/,1 bath,800 sq ft,800,,2100,,,
,Joshua Tree,Townhomes,CA,92252,"61786 Desert Air Rd Joshua Tree, CA 92252",https://www.apartments.com/61786-desert-air-rd-joshua-tree-ca/2rqlpjc/,2 baths,"1,120 sq ft","1,120",,1650,,,
,Monrovia,Townhomes,CA,91016,"319 W Duarte Rd Monrovia, CA 91016",https://www.apartments.com/319-w-duarte-rd-monrovia-ca/c7g6dhf/,2.5 baths,"1,380 sq ft","1,380",2700,,,,
,Richmond,Townhomes,CA,94804,"830 Marina Way S Richmond, CA 94804",https://www.apartments.com/830-marina-way-s-richmond-ca/fj99rzv/,2.5 baths,"1,530 sq ft","1,530",,1395,,,
,San Rafael,Townhomes,CA,94903,"55 Almond Ct San Rafael, CA 94903",https://www.apartments.com/55-almond-ct-san-rafael-ca/qv3jq7y/,2.5 baths,"1,534 sq ft","1,534",3950,,,,
,Burbank,Townhomes,CA,91501,"621 E Olive Ave Burbank, CA 91501",https://www.apartments.com/621-e-olive-ave-burbank-ca/tszsm7b/,2.5 baths,"1,440 sq ft","1,440",,2950,,,
,San Francisco,Townhomes,CA,94131,"14 Perego Ter San Francisco, CA 94131",https://www.apartments.com/14-perego-ter-san-francisco-ca/beg19rc/,2 baths,"1,098 sq ft","1,098",,3500,,,
,Pasadena,Townhomes,CA,91106,"999 San Pasqual St Pasadena, CA 91106",https://www.apartments.com/999-san-pasqual-st-pasadena-ca/3fre1fd/,2.5 baths,"1,234 sq ft","1,234",,3600,,,
,San Diego,Townhomes,CA,92109,"4278 Noyes St San Diego, CA 92109",https://www.apartments.com/4278-noyes-st-san-diego-ca/m98kcfl/,1 bath,725 sq ft,725,,2495,,,
,Santa Monica,Townhomes,CA,90403,"1112 17th St Santa Monica, CA 90403",https://www.apartments.com/1112-17th-st-santa-monica-ca/qv949yw/,2.5 baths,"1,900 sq ft","1,900",4500,,,,
,Sherman Oaks,Townhomes,CA,91423,"14435 Riverside Dr Sherman Oaks, CA 91423",https://www.apartments.com/14435-riverside-dr-sherman-oaks-ca/hr0mqd1/,2.5 baths,"1,250 sq ft","1,250",,2900,,,
,Burbank,Townhomes,CA,91501,"1751 Cam De Villas Burbank, CA 91501",https://www.apartments.com/1751-cam-de-villas-burbank-ca/87k6wx3/,3 baths,"1,500 sq ft","1,500",4595,,,,
,San Jose,Townhomes,CA,95134,"73 Mirabelli Cir San Jose, CA 95134",https://www.apartments.com/73-mirabelli-cir-san-jose-ca/eq69y6n/,2.5 baths,"1,130 sq ft","1,130",,3100,,,
,Morgan Hill,Townhomes,CA,95037,"17045 Laurel Rd Morgan Hill, CA 95037",https://www.apartments.com/17045-laurel-rd-morgan-hill-ca/em87zcm/,2.5 baths,"1,750 sq ft","1,750",3500,,,,
,Albany,Townhomes,CA,94706,"525 Jackson St Albany, CA 94706",https://www.apartments.com/525-jackson-st-albany-ca/8jfkqx3/,1.5 baths,"1,400 sq ft","1,400",3650,,,,
,Palo Alto,Townhomes,CA,94301,"424 Homer Ave Palo Alto, CA 94301",https://www.apartments.com/424-homer-ave-palo-alto-ca/0689c93/,2 baths,"1,200 sq ft","1,200",4950,,,,
,Los Angeles,Townhomes,CA,91405,"14655 Vanowen St Los Angeles, CA 91405",https://www.apartments.com/14655-vanowen-st-los-angeles-ca/g52s3gx/,2 baths,"1,000 sq ft","1,000",,2296,,,
,Newark,Townhomes,CA,94560,"8649 Seawind Way Newark, CA 94560",https://www.apartments.com/8649-seawind-way-newark-ca/htslb03/,2.5 baths,"1,484 sq ft","1,484",,3750,,,
,Los Angeles,Townhomes,CA,90004,"112 N Oxford Ave Los Angeles, CA 90004",https://www.apartments.com/112-n-oxford-ave-los-angeles-ca/ebts4fp/,5 baths,"1,511 sq ft","1,511",,,5860,6970,
,Grass Valley,Townhomes,CA,95945,"238 colfax ave Grass Valley, CA 95945",https://www.apartments.com/238-colfax-ave-grass-valley-ca/6nxc9ms/,1 bath,300 sq ft,300,,,,,1170
,Venice,Townhomes,CA,90291,"36 Navy St Venice, CA 90291",https://www.apartments.com/36-navy-st-venice-ca/wmmld1h/,3 baths,"1,200 sq ft","1,200",,6500,,,
,Sausalito,Townhomes,CA,94965,"931 Bridgeway Sausalito, CA 94965",https://www.apartments.com/931-bridgeway-sausalito-ca/f9yyj5v/,2.5 baths,"1,150 sq ft","1,150",,4499,,,
2499,Sausalito,Townhomes,CA,94965,"911 A Bridgeway Sausalito, CA 94965",https://www.apartments.com/911-a-bridgeway-sausalito-ca/69zpj3v/,1 bath,600 sq ft,600,,,,,
,Fremont,Townhomes,CA,94536,"37422 Monteverde Ter Fremont, CA 94536",https://www.apartments.com/37422-monteverde-ter-fremont-ca/c0bmtme/,2.5 baths,"1,519 sq ft","1,519",3250,,,,
,Cathedral City,Townhomes,CA,92234,"33584 Navajo Trl Cathedral City, CA 92234",https://www.apartments.com/33584-navajo-trl-cathedral-city-ca/7ftfqdz/,2 baths,"1,621 sq ft","1,621",2200,,,,
,San Francisco,Townhomes,CA,94131,"91 Miguel St San Francisco, CA 94131",https://www.apartments.com/91-miguel-st-san-francisco-ca/5n9jy9q/,1.5 baths,"1,350 sq ft","1,350",,4200,,,
,Hermosa Beach,Townhomes,CA,90254,"66 The Strand Hermosa Beach, CA 90254",https://www.apartments.com/66-the-strand-hermosa-beach-ca/jnb5l57/,2 baths,"1,129 sq ft","1,129",,6940,,,
,South Lake Tahoe,Townhomes,CA,96150,"3161 Berkeley Ave South Lake Tahoe, CA 96150",https://www.apartments.com/3161-berkeley-ave-south-lake-tahoe-ca/ywb8vyv/,1 bath,650 sq ft,650,,2599,,,
,Davis,Townhomes,CA,95616,"819 H St Davis, CA 95616",https://www.apartments.com/819-h-st-davis-ca/x90qj9p/,3 baths,"1,500 sq ft","1,500",,,3995,,
,Saratoga,Townhomes,CA,95070,"14598 Big Basin Way Saratoga, CA 95070",https://www.apartments.com/14598-big-basin-way-saratoga-ca/pz1qw4s/,3 baths,"2,900 sq ft","2,900",,,7500,,
,Hawthorne,Townhomes,CA,90250,"5510 W 149th Pl Hawthorne, CA 90250",https://www.apartments.com/5510-w-149th-pl-hawthorne-ca/krwmh1c/,2.5 baths,"1,790 sq ft","1,790",4000,,,,
1600,San Diego,Townhomes,CA,92104,"3147 Juniper St San Diego, CA 92104",https://www.apartments.com/3147-juniper-st-san-diego-ca/tbhyf09/,1 bath,420 sq ft,420,,,,,
2600,Los Angeles,Townhomes,CA,90004,"545 N Kenmore Ave Los Angeles, CA 90004",https://www.apartments.com/545-n-kenmore-ave-los-angeles-ca/e3mkhlq/,1.5 baths,900 sq ft,900,,,,,
,Anaheim,Townhomes,CA,92805,"951 E Mason Ln Anaheim, CA 92805",https://www.apartments.com/951-e-mason-ln-anaheim-ca/dp6eggj/,2.5 baths,"1,598 sq ft","1,598",3750,,,,
,Shasta Lake,Townhomes,CA,96019,"4832 Fort Peck St Shasta Lake, CA 96019",https://www.apartments.com/4832-fort-peck-st-shasta-lake-ca/81mrt20/,1.5 baths,950 sq ft,950,,1095,,,
1850,Oakland,Townhomes,CA,94607,"626 8th St Oakland, CA 94607",https://www.apartments.com/626-8th-st-oakland-ca/12dyxn6/,1 bath,750 sq ft,750,,,,,
,Vista,Townhomes,CA,92083,"363 N Melrose Dr Vista, CA 92083",https://www.apartments.com/363-n-melrose-dr-vista-ca/p4pprwt/,2 baths,"1,200 sq ft","1,200",,2595,,,
,Sunnyvale,Townhomes,CA,94086,"222 Peppermint Tree Ter Sunnyvale, CA 94086",https://www.apartments.com/222-peppermint-tree-ter-sunnyvale-ca/x40e7nn/,3.5 baths,"1,577 sq ft","1,577",4925,,,,
,Redwood City,Townhomes,CA,94061,"196 Orchard Ave Redwood City, CA 94061",https://www.apartments.com/196-orchard-ave-redwood-city-ca/p6812zs/,1 bath,920 sq ft,920,3100,,,,
,Culver City,Townhomes,CA,90232,"4227 Ince Blvd Culver City, CA 90232",https://www.apartments.com/4227-ince-blvd-culver-city-ca/m7bbqbh/,3.5 baths,"1,900 sq ft","1,900",6000,,,,
,Santa Clara,Townhomes,CA,95051,"2947 McKinley Dr Santa Clara, CA 95051",https://www.apartments.com/2947-mckinley-dr-santa-clara-ca/t3pc3fb/,2 baths,"1,490 sq ft","1,490",3745,,,,
,Redondo Beach,Townhomes,CA,90277,"402 Avenue G Redondo Beach, CA 90277",https://www.apartments.com/402-avenue-g-redondo-beach-ca/vrhjl4f/,2.5 baths,"1,541 sq ft","1,541",4200,,,,
,Oakland,Townhomes,CA,94607,"812 15th St Oakland, CA 94607",https://www.apartments.com/812-15th-st-oakland-ca/8hh6210/,2 baths,"1,100 sq ft","1,100",,3000,,,
,Lakewood,Townhomes,CA,90715,"11640 208th St Lakewood, CA 90715",https://www.apartments.com/11640-208th-st-lakewood-ca/9rv3y86/,2.5 baths,"1,300 sq ft","1,300",2595,,,,
,Sunnyvale,Townhomes,CA,94085,"556 Santa Rosalia Ter Sunnyvale, CA 94085",https://www.apartments.com/556-santa-rosalia-ter-sunnyvale-ca/rdsq9x2/,3 baths,"1,620 sq ft","1,620",4500,,,,
3200,La Jolla,Townhomes,CA,92037,"3362 Via Alicante La Jolla, CA 92037",https://www.apartments.com/3362-via-alicante-la-jolla-ca/4vnvc2l/,1 bath,874 sq ft,874,,,,,
,Hermosa Beach,Townhomes,CA,90254,"652 9th St Hermosa Beach, CA 90254",https://www.apartments.com/652-9th-st-hermosa-beach-ca/bynr6k8/,2.5 baths,"2,500 sq ft","2,500",,,6500,,
,Torrance,Townhomes,CA,90505,"3704 Newton St Torrance, CA 90505",https://www.apartments.com/3704-newton-st-torrance-ca/855zkx3/,2.5 baths,"1,160 sq ft","1,160",,2985,,,
,Chula Vista,Townhomes,CA,91915,"1051 Waterville Lake Rd Chula Vista, CA 91915",https://www.apartments.com/1051-waterville-lake-rd-chula-vista-ca/v9t87rg/,1.5 baths,"1,005 sq ft","1,005",,3800,,,
,Union City,Townhomes,CA,94587,"4262 Las Feliz Ct Union City, CA 94587",https://www.apartments.com/4262-las-feliz-ct-union-city-ca/6ldbzjr/,1 bath,875 sq ft,875,,2700,,,
,Newark,Townhomes,CA,94560,"6147 Thornton Ave Newark, CA 94560",https://www.apartments.com/6147-thornton-ave-newark-ca/773ydfy/,2.5 baths,"1,383 sq ft","1,383",3050,,,,
,Daly City,Townhomes,CA,94014,"1023 San Luis Cir Daly City, CA 94014",https://www.apartments.com/1023-san-luis-cir-daly-city-ca/f5m2m4t/,1.5 baths,"1,055 sq ft","1,055",,3395,,,
,Spring Valley,Townhomes,CA,91977,"2388 Bancroft Dr Spring Valley, CA 91977",https://www.apartments.com/2388-bancroft-dr-spring-valley-ca/hfnrzb1/,3 baths,"1,200 sq ft","1,200",2750,,,,
,San Diego,Townhomes,CA,92110,"4062 Valeta St San Diego, CA 92110",https://www.apartments.com/4062-valeta-st-san-diego-ca/rcx4fx1/,2 baths,987 sq ft,987,,2750,,,
,San Francisco,Townhomes,CA,94112,"23 Cayuga Ave San Francisco, CA 94112",https://www.apartments.com/23-cayuga-ave-san-francisco-ca/fv3n9wr/,1 bath,900 sq ft,900,,3200,,,
,Los Angeles,Townhomes,CA,90037,"1130 Browning Blvd Los Angeles, CA 90037",https://www.apartments.com/1130-browning-blvd-los-angeles-ca/gnqle4z/,3.5 baths,"1,400 sq ft","1,400",3250,,,,
,Los Angeles,Townhomes,CA,90025,"1909 Pelham Ave Los Angeles, CA 90025",https://www.apartments.com/1909-pelham-ave-los-angeles-ca/bqtwhvc/,2.5 baths,"1,597 sq ft","1,597",4750,,,,
,Hermosa Beach,Townhomes,CA,90254,"68 The Strand Hermosa Beach, CA 90254",https://www.apartments.com/68-the-strand-hermosa-beach-ca/1p4nh16/,2 baths,"1,100 sq ft","1,100",,7940,,,
,Los Angeles,Townhomes,CA,90025,"1742 Barry Ave Los Angeles, CA 90025",https://www.apartments.com/1742-barry-ave-los-angeles-ca/nv4bg6m/,1.5 baths,100 sq ft,100,,2425,,,
,Sylmar,Townhomes,CA,91342,"11300 Foothill Blvd Sylmar, CA 91342",https://www.apartments.com/11300-foothill-blvd-sylmar-ca/jmhr5k6/,2.5 baths,"1,375 sq ft","1,375",,2750,,,
,San Bruno,Townhomes,CA,94066,"411 Huntington Ave San Bruno, CA 94066",https://www.apartments.com/411-huntington-ave-san-bruno-ca/t84byv9/,1 bath,"1,053 sq ft","1,053",2888,,,,
,Irvine,Townhomes,CA,92620,"142 Pantheon Irvine, CA 92620",https://www.apartments.com/142-pantheon-irvine-ca/55wh1sp/,2 baths,"1,279 sq ft","1,279",,2800,,,
2595,Burlingame,Townhomes,CA,94010,"136 Bloomfield Rd Burlingame, CA 94010",https://www.apartments.com/136-bloomfield-rd-burlingame-ca/mtnmgeh/,1 bath,735 sq ft,735,,,,,
,Palo Alto,Townhomes,CA,94301,"645 Forest Ave Palo Alto, CA 94301",https://www.apartments.com/645-forest-ave-palo-alto-ca/01nc9j1/,1.5 baths,"1,200 sq ft","1,200",,4450,,,
,Union City,Townhomes,CA,94587,"1005 Amber Ter Union City, CA 94587",https://www.apartments.com/1005-amber-ter-union-city-ca/0yzhs32/,2.5 baths,"1,431 sq ft","1,431",3400,,,,
,Santa Monica,Townhomes,CA,90401,"1218 9th St Santa Monica, CA 90401",https://www.apartments.com/1218-9th-st-santa-monica-ca/hvq75l0/,1.5 baths,"1,265 sq ft","1,265",,4275,,,
,San Francisco,Townhomes,CA,94107,"1947 22nd St San Francisco, CA 94107",https://www.apartments.com/1947-22nd-st-san-francisco-ca/jkds0b6/,2 baths,"1,600 sq ft","1,600",5700,,,,
,Gardena,Townhomes,CA,90247,"16015 Halldale Avenue Gardena, CA 90247",https://www.apartments.com/16015-halldale-avenue-gardena-ca/szz80k4/,2.5 baths,"1,750 sq ft","1,750",3350,2500,,,
3000,San Francisco,Townhomes,CA,94107,"2334 19th St San Francisco, CA 94107",https://www.apartments.com/2334-19th-st-san-francisco-ca/cz4hmhd/,1 bath,950 sq ft,950,,4800,,,2400
,Los Angeles,Townhomes,CA,90029,"5342 Virginia Ave Los Angeles, CA 90029",https://www.apartments.com/5342-virginia-ave-los-angeles-ca/lynt7td/,1.5 baths,950 sq ft,950,,2250,,,
,Carson,Townhomes,CA,90745,"726 Colorado Cir Carson, CA 90745",https://www.apartments.com/726-colorado-cir-carson-ca/3821bsf/,3.5 baths,"2,091 sq ft","2,091",,,4150,,
,Signal Hill,Townhomes,CA,90755,"1954 Cherry Ave Signal Hill, CA 90755",https://www.apartments.com/1954-cherry-ave-signal-hill-ca/0cl05y1/,3 baths,"1,550 sq ft","1,550",3500,,,,
,Los Angeles,Townhomes,CA,90035,"1146 S Shenandoah St Los Angeles, CA 90035",https://www.apartments.com/1146-s-shenandoah-st-los-angeles-ca/811m3g2/,1.5 baths,"1,500 sq ft","1,500",,3400,,,
,Santa Clarita,Townhomes,CA,91354,"23643 Big Sky Walk Santa Clarita, CA 91354",https://www.apartments.com/23643-big-sky-walk-santa-clarita-ca/llc9xbg/,2.5 baths,"1,400 sq ft","1,400",3200,,,,
,Fremont,Townhomes,CA,94538,"39505 Trinity Way Fremont, CA 94538",https://www.apartments.com/39505-trinity-way-fremont-ca/kqxzs28/,1.5 baths,"1,100 sq ft","1,100",2900,,,,
,Irvine,Townhomes,CA,92620,"51 Maple Ash Irvine, CA 92620",https://www.apartments.com/51-maple-ash-irvine-ca/dcsr3zj/,2.5 baths,"1,948 sq ft","1,948",4300,,,,
,San Jose,Townhomes,CA,95123,"181 Hudson Plz San Jose, CA 95123",https://www.apartments.com/181-hudson-plz-san-jose-ca/kver2s8/,3.5 baths,"1,739 sq ft","1,739",4200,,,,
,Davis,Townhomes,CA,95616,"523 Scripps Dr Davis, CA 95616",https://www.apartments.com/523-scripps-dr-davis-ca/r1wlv70/,2 baths,"1,400 sq ft","1,400",2900,,,,
1500,Richmond,Townhomes,CA,94804,"1450 Wright Ave Richmond, CA 94804",https://www.apartments.com/1450-wright-ave-richmond-ca/x2xhwcm/,1 bath,"1,531 sq ft","1,531",,,,,
,Sunnyvale,Townhomes,CA,94086,"236 Red Oak Dr E Sunnyvale, CA 94086",https://www.apartments.com/236-red-oak-dr-e-sunnyvale-ca/1psgwd4/,1 bath,"1,000 sq ft","1,000",,2999,,,
,Encinitas,Townhomes,CA,92024,"1918 Park Dale Ln Encinitas, CA 92024",https://www.apartments.com/1918-park-dale-ln-encinitas-ca/l1mbrnd/,2.5 baths,"1,450 sq ft","1,450",3075,,,,
,Santa Monica,Townhomes,CA,90403,"2922 Montana Ave Santa Monica, CA 90403",https://www.apartments.com/2922-montana-ave-santa-monica-ca/tf6nr8b/,2.5 baths,"1,684 sq ft","1,684",,7700,,,
,Los Angeles,Townhomes,CA,90034,"3740 Midvale Ave Los Angeles, CA 90034",https://www.apartments.com/3740-midvale-ave-los-angeles-ca/ce88bfe/,1 bath,850 sq ft,850,,2200,,,
,Palo Alto,Townhomes,CA,94303,"931 Curlew Ln Palo Alto, CA 94303",https://www.apartments.com/931-curlew-ln-palo-alto-ca/vz3g8ye/,2 baths,"1,197 sq ft","1,197",,4595,,,
,Los Angeles,Townhomes,CA,90062,"1486 W 51st St Los Angeles, CA 90062",https://www.apartments.com/1486-w-51st-st-los-angeles-ca/g56230z/,1 bath,700 sq ft,700,,1750,,,
,Inglewood,Townhomes,CA,90304,"11015 Condon Ave Inglewood, CA 90304",https://www.apartments.com/11015-condon-ave-inglewood-ca/hrey3h3/,1 bath,704 sq ft,704,,2150,,,