2 beds,City_Rent,Type,State_Rent,Zip_code,Full_Address,Rent_link,Bath_Info,Square_Feet_Data,Square_Feet,3 beds,4 beds,1 bed,Studio,5 beds
2825.0,Mountain View,Condos,CA,94040,"191 Showers Dr Mountain View, CA 94040",https://www.apartments.com/191-showers-dr-mountain-view-ca/p1wtqls/,1 bath,675 sq ft,675,,,,,
,San Francisco,Condos,CA,94110,"3468 Mission St San Francisco, CA 94110",https://www.apartments.com/3468-mission-st-san-francisco-ca/1r5ldm6/,2 baths,850 sq ft,850,3650.0,,,,
,Santa Monica,Condos,CA,90403,"933 6th St Santa Monica, CA 90403",https://www.apartments.com/933-6th-st-santa-monica-ca/ngc7l4m/,2 baths,"1,400 sq ft","1,400",5100.0,,,,
,LOS ANGELES,Condos,CA,90035,"907 S SHENANDOAH St LOS ANGELES, CA 90035",https://www.apartments.com/907-s-shenandoah-st-los-angeles-ca-unit-102/1ys82v7/,3 baths,"1,800 sq ft","1,800",,6200.0,,,
,Oakland,Condos,CA,94607,"585 Ninth Street Oakland, CA 94607",https://www.apartments.com/585-ninth-street-oakland-ca/sb9wfn7/,1 bath,721 sq ft,721,,,2500.0,,
,Palm Desert,Condos,CA,92260,"73729 Desert Vista Ct Palm Desert, CA 92260",https://www.apartments.com/73729-desert-vista-ct-palm-desert-ca/klw23jb/,1.5 baths,"1,008 sq ft","1,008",,,2000.0,,
,San Francisco,Condos,CA,94122,"1475 48th Ave San Francisco, CA 94122",https://www.apartments.com/1475-48th-ave-san-francisco-ca/wxmy0jk/,1 bath,500 sq ft,500,,,2000.0,,
1995.0,San Gabriel,Condos,CA,91776,"220 St Francis St San Gabriel, CA 91776",https://www.apartments.com/220-st-francis-st-san-gabriel-ca/4derg1k/,1 bath,925 sq ft,925,,,,,
2025.0,San Gabriel,Condos,CA,91776,"315 Broadway E San Gabriel, CA 91776",https://www.apartments.com/315-broadway-e-san-gabriel-ca/gxwdb4z/,2 baths,"1,000 sq ft","1,000",,,,,
2400.0,Santa Paula,Condos,CA,93060,"1155 Richmond Rd Santa Paula, CA 93060",https://www.apartments.com/1155-richmond-rd-santa-paula-ca/bgks8b9/,1 bath,900 sq ft,900,,,,,
,Vallejo,Condos,CA,94589,"1333 N Camino Alto Vallejo, CA 94589",https://www.apartments.com/1333-n-camino-alto-vallejo-ca/yn9pqgv/,1 bath,642 sq ft,642,,,1650.0,,
2700.0,Los Angeles,Condos,CA,90016,"5180 Village Grn Los Angeles, CA 90016",https://www.apartments.com/5180-village-grn-los-angeles-ca-unit-5180/n18n97q/,1 bath,826 sq ft,826,,,,,
1247.0,Playa Del Rey,Condos,CA,90293,"8050 Redlands St Playa Del Rey, CA 90293",https://www.apartments.com/8050-redlands-st-playa-del-rey-ca/xjb616n/,2 baths,"1,200 sq ft","1,200",,,,,
3800.0,Los Angeles,Condos,CA,90067,"2160 Century Park E Los Angeles, CA 90067",https://www.apartments.com/2160-century-park-e-los-angeles-ca/4l11yfk/,2 baths,"1,085 sq ft","1,085",,,,,
2400.0,Oakland,Condos,CA,94606,"2416 8th Ave Oakland, CA 94606",https://www.apartments.com/2416-8th-ave-oakland-ca/hdq4mp2/,1 bath,"1,000 sq ft","1,000",,,,,
,Long Beach,Condos,CA,90802,"834 E 4th St Long Beach, CA 90802",https://www.apartments.com/834-e-4th-st-long-beach-ca-unit-17/59l6m9q/,1.5 baths,950 sq ft,950,,,2500.0,,
,Fountain Valley,Condos,CA,92708,"17200 Newhope St Fountain Valley, CA 92708",https://www.apartments.com/17200-newhope-st-fountain-valley-ca-unit-27-a/vm0rtlf/,1 bath,"1,150 sq ft","1,150",,,2345.0,,
,Sunnyvale,Condos,CA,94087,"880 E Fremont Ave Sunnyvale, CA 94087",https://www.apartments.com/880-e-fremont-ave-sunnyvale-ca-unit-706/p8hjjgt/,2 baths,"1,090 sq ft","1,090",3300.0,,,,
3195.0,West Hollywood,Condos,CA,90069,"884 Palm Ave West Hollywood, CA 90069",https://www.apartments.com/884-palm-ave-west-hollywood-ca/t7slvwc/,2 baths,"1,350 sq ft","1,350",4500.0,,,,
,Modesto,Condos,CA,95350,"2700 Mac Dougal St Modesto, CA 95350",https://www.apartments.com/2700-mac-dougal-st-modesto-ca-unit-23/3f26zke/,1 bath,658 sq ft,658,,,1450.0,,
,San Francisco,Condos,CA,94110,"831 San Jose Ave San Francisco, CA 94110",https://www.apartments.com/831-san-jose-ave-san-francisco-ca/2be6mz9/,2.5 baths,"2,750 sq ft","2,750",,6995.0,,,
,Roseville,Condos,CA,95678,"508 Grove St Roseville, CA 95678",https://www.apartments.com/508-grove-st-roseville-ca/4qcptyk/,1 bath,450 sq ft,450,,,1800.0,,
,Riverside,Condos,CA,92507,"1079 Center St Riverside, CA 92507",https://www.apartments.com/1079-center-st-riverside-ca/e9f20sn/,1 bath,300 sq ft,300,,,,1025.0,
1920.0,Corona,Condos,CA,92882,"1545 Border Ave Corona, CA 92882",https://www.apartments.com/1545-border-ave-corona-ca-unit-d/51yjmsq/,2 baths,"1,035 sq ft","1,035",,,,,
,Los Gatos,Condos,CA,95030,"352 W Main St Los Gatos, CA 95030",https://www.apartments.com/352-w-main-st-los-gatos-ca/32l2l3f/,1 bath,462 sq ft,462,,,,1850.0,
,San Francisco,Condos,CA,94110,"831 San Jose Ave San Francisco, CA 94110",https://www.apartments.com/831-san-jose-ave-san-francisco-ca/2be6mz9/,2.5 baths,"2,750 sq ft","2,750",,6995.0,,,
,Roseville,Condos,CA,95678,"508 Grove St Roseville, CA 95678",https://www.apartments.com/508-grove-st-roseville-ca/4qcptyk/,1 bath,450 sq ft,450,,,1800.0,,
,Riverside,Condos,CA,92507,"1079 Center St Riverside, CA 92507",https://www.apartments.com/1079-center-st-riverside-ca/e9f20sn/,1 bath,300 sq ft,300,,,,1025.0,
1920.0,Corona,Condos,CA,92882,"1545 Border Ave Corona, CA 92882",https://www.apartments.com/1545-border-ave-corona-ca-unit-d/51yjmsq/,2 baths,"1,035 sq ft","1,035",,,,,
,Los Gatos,Condos,CA,95030,"352 W Main St Los Gatos, CA 95030",https://www.apartments.com/352-w-main-st-los-gatos-ca/32l2l3f/,1 bath,462 sq ft,462,,,,1850.0,
,Los Angeles,Condos,CA,91605,"6859 Coldwater Canyon Ave Los Angeles, CA 91605",https://www.apartments.com/6859-coldwater-canyon-ave-los-angeles-ca/0ervxl0/,1 bath,800 sq ft,800,,,1595.0,,
,North Hollywood,Condos,CA,91605,"6851 Coldwater Canyon Ave North Hollywood, CA 91605",https://www.apartments.com/6851-coldwater-canyon-ave-north-hollywood-ca/d4cs6eh/,1 bath,300 sq ft,300,,,1525.0,,
,Los Angeles,Condos,CA,90048,"6440 Orange St Los Angeles, CA 90048",https://www.apartments.com/6440-orange-st-los-angeles-ca/g4k7nrw/,1 bath,440 sq ft,440,,,,1450.0,
2315.0,Covina,Condos,CA,91723,"147 N Barranca Ave Covina, CA 91723",https://www.apartments.com/147-n-barranca-ave-covina-ca/6g1q2br/,1 bath,"1,000 sq ft","1,000",,,,,
2500.0,Fremont,Condos,CA,94538,"39450 Albany Cmn Fremont, CA 94538",https://www.apartments.com/39450-albany-cmn-fremont-ca-unit-u/blnnp5c/,2 baths,991 sq ft,991,,,,,
2350.0,Gardena,Condos,CA,90247,"16118 S Ainsworth St Gardena, CA 90247",https://www.apartments.com/16118-s-ainsworth-st-gardena-ca/lzqq3se/,1.5 baths,"1,100 sq ft","1,100",,,,,
2445.0,Los Angeles,Condos,CA,91605,"12160 Hart St Los Angeles, CA 91605",https://www.apartments.com/12160-hart-st-los-angeles-ca/n1xe8xm/,2 baths,952 sq ft,952,,,,,
,Oakland,Condos,CA,94610,"455 Crescent St Oakland, CA 94610",https://www.apartments.com/455-crescent-st-oakland-ca-unit-201/ct6mn9f/,1 bath,675 sq ft,675,,,2100.0,,
2480.0,Santa Clara,Condos,CA,95051,"879 Bing Dr Santa Clara, CA 95051",https://www.apartments.com/879-bing-dr-santa-clara-ca-unit-3/dn9nt9k/,1 bath,850 sq ft,850,,,,,
2700.0,Palm Springs,Condos,CA,92264,"243 E Twin Palms Dr Palm Springs, CA 92264",https://www.apartments.com/243-e-twin-palms-dr-palm-springs-ca-unit-243/7c8b0tx/,2 baths,"1,289 sq ft","1,289",,,,,
2400.0,Sunnyvale,Condos,CA,94086,"977 Mangrove Ave Sunnyvale, CA 94086",https://www.apartments.com/977-mangrove-ave-sunnyvale-ca/4ytrwgk/,1 bath,950 sq ft,950,,,,,
,Placentia,Condos,CA,92870,"219 Turf Dr Placentia, CA 92870",https://www.apartments.com/219-turf-dr-placentia-ca/9tseqd7/,1 bath,"1,200 sq ft","1,200",2200.0,,,,
1800.0,Cathedral City,Condos,CA,92234,"31200 Landau Blvd Cathedral City, CA 92234",https://www.apartments.com/31200-landau-blvd-cathedral-city-ca-unit-1602/ktcey1c/,2 baths,"1,064 sq ft","1,064",,,,,
,Glendale,Condos,CA,91205,"406 Griswold St Glendale, CA 91205",https://www.apartments.com/406-griswold-st-glendale-ca/szm8wd4/,1 bath,650 sq ft,650,,,1750.0,,
1895.0,Los Angeles,Condos,CA,90291,"933 Venice Blvd Los Angeles, CA 90291",https://www.apartments.com/933-venice-blvd-los-angeles-ca/zc4r19w/,1 bath,350 sq ft,350,,,1550.0,,
,Los Angeles,Condos,CA,90047,"7404 S Western Ave Los Angeles, CA 90047",https://www.apartments.com/7404-s-western-ave-los-angeles-ca/7gb3yez/,1 bath,700 sq ft,700,,,1599.0,,
2200.0,Orange,Condos,CA,92866,"616 South Fashion Park Street Orange, CA 92866",https://www.apartments.com/616-south-fashion-park-street-orange-ca/2qkg3zb/,2 baths,"1,200 sq ft","1,200",,,,,
,Los Angeles,Condos,CA,90013,"460 S Spring St Los Angeles, CA 90013",https://www.apartments.com/460-s-spring-st-los-angeles-ca/dxzbylk/,1 bath,720 sq ft,720,,,2400.0,,
2785.0,Oakland,Condos,CA,94610,"690 Mariposa Ave Oakland, CA 94610",https://www.apartments.com/690-mariposa-ave-oakland-ca/k7e75n8/,2 baths,100 sq ft,100,,,,,
,Walnut Creek,Condos,CA,94597,"221 Wootten Dr Walnut Creek, CA 94597",https://www.apartments.com/221-wootten-dr-walnut-creek-ca/0754263/,1 bath,650 sq ft,650,,,,1850.0,
,Pasadena,Condos,CA,91105,"79 W Glenarm St Pasadena, CA 91105",https://www.apartments.com/79-w-glenarm-st-pasadena-ca/kz2f879/,1 bath,550 sq ft,550,,,3000.0,,
,Monterey Park,Condos,CA,91754,"1401 College View Dr Monterey Park, CA 91754",https://www.apartments.com/1401-college-view-dr-monterey-park-ca/3q4q7mf/,1 bath,630 sq ft,630,,,1400.0,,
4550.0,San Francisco,Condos,CA,94109,"1809 Broadway San Francisco, CA 94109",https://www.apartments.com/1809-broadway-san-francisco-ca/m9q95hk/,2 baths,"1,000 sq ft","1,000",,,,,
,Santa Monica,Condos,CA,90404,"1824 Michigan Ave Santa Monica, CA 90404",https://www.apartments.com/1824-michigan-ave-santa-monica-ca/qhkle1w/,2 baths,"1,350 sq ft","1,350",5400.0,,,,
3000.0,Los Angeles,Condos,CA,90048,"6411 Orange St Los Angeles, CA 90048",https://www.apartments.com/6411-orange-st-los-angeles-ca/vq5weed/,1 bath,"1,450 sq ft","1,450",,,,,
,Palo Alto,Condos,CA,94306,"566 Vista Ave Palo Alto, CA 94306",https://www.apartments.com/566-vista-ave-palo-alto-ca-unit-a/70ltedz/,1 bath,528 sq ft,528,,,2300.0,,
,Los Angeles,Condos,CA,90045,"5729 W 76th St Los Angeles, CA 90045",https://www.apartments.com/5729-w-76th-st-los-angeles-ca/rbbqq31/,1 bath,360 sq ft,360,,,,1999.0,
,Montrose,Condos,CA,91020,"3918 Park Pl Montrose, CA 91020",https://www.apartments.com/3918-park-pl-montrose-ca/z5db74x/,1 bath,750 sq ft,750,,,1840.0,,
1800.0,Los Angeles,Condos,CA,90011,"1129 E 52nd St Los Angeles, CA 90011",https://www.apartments.com/1129-e-52nd-st-los-angeles-ca/52qccpm/,1 bath,720 sq ft,720,,,,,
2150.0,Long Beach,Condos,CA,90807,"435 E Freeland St Long Beach, CA 90807",https://www.apartments.com/435-e-freeland-st-long-beach-ca/qg9eeew/,2 baths,"1,000 sq ft","1,000",,,,,
2150.0,Los Angeles,Condos,CA,90012,"757 N Hill Pl Los Angeles, CA 90012",https://www.apartments.com/757-n-hill-pl-los-angeles-ca/ht8snw3/,1 bath,850 sq ft,850,,,,,
,Anaheim,Condos,CA,92806,"2218 E Westport Dr Anaheim, CA 92806",https://www.apartments.com/2218-e-westport-dr-anaheim-ca/9mgx0p5/,1 bath,630 sq ft,630,,,1400.0,,
,San Francisco,Condos,CA,94122,"1215 43rd Ave San Francisco, CA 94122",https://www.apartments.com/1215-43rd-ave-san-francisco-ca/nkmel4q/,1 bath,400 sq ft,400,,,,2000.0,
,Santa Monica,Condos,CA,90402,"133 W Channel Rd Santa Monica, CA 90402",https://www.apartments.com/133-w-channel-rd-santa-monica-ca/efebm1q/,1 bath,700 sq ft,700,,,2400.0,,
,Los Angeles,Condos,CA,90033,"2426 Houston St Los Angeles, CA 90033",https://www.apartments.com/2426-houston-st-los-angeles-ca/1nlrvh6/,2 baths,"1,400 sq ft","1,400",2950.0,,,,
,San Jose,Condos,CA,95112,"368 N 4th St San Jose, CA 95112",https://www.apartments.com/368-n-4th-st-san-jose-ca/hebpbt3/,1 bath,580 sq ft,580,,,1795.0,1550.0,
2900.0,San Luis Obispo,Condos,CA,93405,"258 California Blvd San Luis Obispo, CA 93405",https://www.apartments.com/258-california-blvd-san-luis-obispo-ca/z89mvnz/,1 bath,900 sq ft,900,,,,,
,Livermore,Condos,CA,94550,"220 Wood Street, #601 Livermore, CA 94550",https://www.apartments.com/220-wood-street-601-livermore-ca/x1rm5ep/,2.5 baths,"1,744 sq ft","1,744",3200.0,,,,
2200.0,El Segundo,Condos,CA,90245,"1042 E Imperial Ave El Segundo, CA 90245",https://www.apartments.com/1042-e-imperial-ave-el-segundo-ca/09j6gx2/,1 bath,750 sq ft,750,,,,,
,Sausalito,Condos,CA,94965,"150 Filbert Ave Sausalito, CA 94965",https://www.apartments.com/150-filbert-ave-sausalito-ca/jvydee7/,1 bath,750 sq ft,750,,,2450.0,,
,Sunnyvale,Condos,CA,94089,"1147 La Rochelle Ter Sunnyvale, CA 94089",https://www.apartments.com/1147-la-rochelle-ter-sunnyvale-ca/dxtpvgl/,1.5 baths,"1,300 sq ft","1,300",3300.0,,,,
4000.0,Alamo,Condos,CA,94507,"10 Roxbury Ct Alamo, CA 94507",https://www.apartments.com/10-roxbury-ct-alamo-ca/k50nrnc/,4 baths,"3,300 sq ft","3,300",,9000.0,,,
2600.0,San Jose,Condos,CA,95125,"991 Wren Dr San Jose, CA 95125",https://www.apartments.com/991-wren-dr-san-jose-ca/sj1w9w7/,1 bath,850 sq ft,850,,,,,
2800.0,Los Angeles,Condos,CA,90068,"1940 N Highland Ave Los Angeles, CA 90068",https://www.apartments.com/1940-n-highland-ave-los-angeles-ca-unit-48/j8vf6j4/,2 baths,"1,450 sq ft","1,450",,,,,
,Sacramento,Condos,CA,95826,"8801 Woodman Way Sacramento, CA 95826",https://www.apartments.com/8801-woodman-way-sacramento-ca/6e1vwnr/,1 bath,500 sq ft,500,,,1580.0,,
3700.0,San Diego,Condos,CA,92037,"8840 Villa La Jolla Dr San Diego, CA 92037",https://www.apartments.com/8840-villa-la-jolla-dr-san-diego-ca-unit-306/bsppfxb/,2 baths,"1,089 sq ft","1,089",,,,,
,Los Angeles,Condos,CA,90037,"4125 S Figueroa St Los Angeles, CA 90037",https://www.apartments.com/4125-s-figueroa-st-los-angeles-ca-unit-405/kwdvkg8/,1 bath,815 sq ft,815,,,2315.0,,
,Pasadena,Condos,CA,91107,"74 S Altadena Dr Pasadena, CA 91107",https://www.apartments.com/74-s-altadena-dr-pasadena-ca/4n0eshl/,1 bath,550 sq ft,550,,,1700.0,,
2445.0,Redondo Beach,Condos,CA,90278,"2929 W 190th St Redondo Beach, CA 90278",https://www.apartments.com/2929-w-190th-st-redondo-beach-ca/x29xw2n/,2 baths,"1,150 sq ft","1,150",,,1845.0,,
,Los Angeles,Condos,CA,91604,"4315 Troost Ave Los Angeles, CA 91604",https://www.apartments.com/4315-troost-ave-los-angeles-ca/tjnpt7b/,1 bath,900 sq ft,900,,,1650.0,,
1895.0,Inglewood,Condos,CA,90301,"516 S Flower St Inglewood, CA 90301",https://www.apartments.com/516-s-flower-st-inglewood-ca/2y9ww0c/,1 bath,780 sq ft,780,,,,,
,Oakland,Condos,CA,94607,"85 10th St Oakland, CA 94607",https://www.apartments.com/85-10th-st-oakland-ca/b641kqc/,1 bath,500 sq ft,500,,,1600.0,,
2700.0,Sherman Oaks,Condos,CA,91403,"4715 Vista Del Monte Ave Sherman Oaks, CA 91403",https://www.apartments.com/4715-vista-del-monte-ave-sherman-oaks-ca/tglfzm8/,2 baths,"1,250 sq ft","1,250",,,,,
1900.0,San Jose,Condos,CA,95112,"495 E William St San Jose, CA 95112",https://www.apartments.com/495-e-william-st-san-jose-ca/yy493ls/,1 bath,600 sq ft,600,,,,,
2950.0,Dana Point,Condos,CA,92629,"70 Corniche Dana Point, CA 92629",https://www.apartments.com/70-corniche-dana-point-ca-unit-d/mt35bnh/,2 baths,"1,150 sq ft","1,150",,,,,
,Venice,Condos,CA,90291,"109 Park Pl Venice, CA 90291",https://www.apartments.com/109-park-pl-venice-ca/3q9p97d/,1 bath,850 sq ft,850,,,2950.0,,
1000.0,Bakersfield,Condos,CA,93308,"6524 Mohawk St Bakersfield, CA 93308",https://www.apartments.com/6524-mohawk-st-bakersfield-ca/pve0l7s/,1 bath,700 sq ft,700,,,,,
,South San Francisco,Condos,CA,94080,"1042 Grand Ave South San Francisco, CA 94080",https://www.apartments.com/1042-grand-ave-south-san-francisco-ca/42wcbbj/,1 bath,650 sq ft,650,,,2200.0,,
1850.0,Malibu,Condos,CA,90265,"23901 Civic Center Way Malibu, CA 90265",https://www.apartments.com/23901-civic-center-way-malibu-ca-unit-256/cs7xr1g/,2 baths,650 sq ft,650,,,,,
,Campbell,Condos,CA,95008,"2715 Joseph Ave Campbell, CA 95008",https://www.apartments.com/2715-joseph-ave-campbell-ca/y5z2s5r/,1 bath,600 sq ft,600,,,1795.0,,
,Sunnyvale,Condos,CA,94086,"225 Lometa Ave Sunnyvale, CA 94086",https://www.apartments.com/225-lometa-ave-sunnyvale-ca/gsssb2x/,1 bath,660 sq ft,660,,,1950.0,,
,Lawndale,Condos,CA,90260,"4575 W 173rd St Lawndale, CA 90260",https://www.apartments.com/4575-w-173rd-st-lawndale-ca/p0nrb4t/,1 bath,450 sq ft,450,,,2500.0,,
3099.0,San Diego,Condos,CA,92123,"4891 Haight Trl San Diego, CA 92123",https://www.apartments.com/4891-haight-trl-san-diego-ca-unit-4891/ezw43lp/,2.5 baths,"1,252 sq ft","1,252",,,,,
,Livermore,Condos,CA,94550,"4671 Laurie Cmn Livermore, CA 94550",https://www.apartments.com/4671-laurie-cmn-livermore-ca-unit-108/r5dg5v0/,1 bath,629 sq ft,629,,,2260.0,,
2395.0,Sunnyvale,Condos,CA,94087,"1642 Queen Charlotte Dr Sunnyvale, CA 94087",https://www.apartments.com/1642-queen-charlotte-dr-sunnyvale-ca/nfqnctn/,1 bath,860 sq ft,860,,,,,
2250.0,Los Angeles,Condos,CA,90004,"149 N Commonwealth Ave Los Angeles, CA 90004",https://www.apartments.com/149-n-commonwealth-ave-los-angeles-ca/fr42nxr/,2 baths,850 sq ft,850,,,,,
,West Hollywood,Condos,CA,90046,"1047 N Ogden Dr West Hollywood, CA 90046",https://www.apartments.com/1047-n-ogden-dr-west-hollywood-ca/q3fpr0x/,1 bath,800 sq ft,800,,,1700.0,,
1895.0,Los Angeles,Condos,CA,90033,"2637 Dobinson St Los Angeles, CA 90033",https://www.apartments.com/2637-dobinson-st-los-angeles-ca/5wy2s5n/,1 bath,"1,100 sq ft","1,100",,,,,
,Los Angeles,Condos,CA,90049,"11670 Sunset Blvd Los Angeles, CA 90049",https://www.apartments.com/11670-sunset-blvd-los-angeles-ca-unit-214/tw9zhe9/,1 bath,700 sq ft,700,,,2200.0,,
,Castro Valley,Condos,CA,94546,"17553 Parker Rd Castro Valley, CA 94546",https://www.apartments.com/17553-parker-rd-castro-valley-ca/ze37p2x/,1 bath,805 sq ft,805,,,2300.0,,
2300.0,North Hollywood,Condos,CA,91601,"11063 Cumpston St North Hollywood, CA 91601",https://www.apartments.com/11063-cumpston-st-north-hollywood-ca/ltyywpf/,1.5 baths,859 sq ft,859,,,,,
1785.0,Glendora,Condos,CA,91741,"119 W Bennett Ave Glendora, CA 91741",https://www.apartments.com/119-w-bennett-ave-glendora-ca/ysvxccr/,1 bath,950 sq ft,950,,,,,
2450.0,San Jose,Condos,CA,95118,"5747 Via Monte Dr San Jose, CA 95118",https://www.apartments.com/5747-via-monte-dr-san-jose-ca/7pken2w/,1 bath,800 sq ft,800,,,,,
2680.0,Oakland,Condos,CA,94605,"6147 Seminary Ave Oakland, CA 94605",https://www.apartments.com/6147-seminary-ave-oakland-ca/tndb90b/,1 bath,900 sq ft,900,,,,,
,Santa Monica,Condos,CA,90404,"1253 19th St Santa Monica, CA 90404",https://www.apartments.com/1253-19th-st-santa-monica-ca/gxeh05w/,1 bath,900 sq ft,900,,,2700.0,,
,Millbrae,Condos,CA,94030,"121 S Magnolia Ave Millbrae, CA 94030",https://www.apartments.com/121-s-magnolia-ave-millbrae-ca/5gx4c3m/,1 bath,760 sq ft,760,,,2400.0,,
,Lafayette,Condos,CA,94549,"1015 Dyer Dr Lafayette, CA 94549",https://www.apartments.com/1015-dyer-dr-lafayette-ca/jx5gfp4/,1 bath,550 sq ft,550,,,3500.0,,
,Richmond,Condos,CA,94805,"413 34th St Richmond, CA 94805",https://www.apartments.com/413-34th-st-richmond-ca/ydzfb3s/,1 bath,900 sq ft,900,,,2100.0,,
,Richmond,Condos,CA,94805,"3823 Barrett Ave Richmond, CA 94805",https://www.apartments.com/3823-barrett-ave-richmond-ca/27gn9g8/,1 bath,"1,000 sq ft","1,000",,,2100.0,,
2500.0,Richmond,Condos,CA,94805,"3821 Barrett Ave Richmond, CA 94805",https://www.apartments.com/3821-barrett-ave-richmond-ca/0nrhvl1/,1 bath,"1,000 sq ft","1,000",,,,,
,San Clemente,Condos,CA,92672,"257 Avenida Victoria San Clemente, CA 92672",https://www.apartments.com/257-avenida-victoria-san-clemente-ca/hvn90k1/,1 bath,"1,300 sq ft","1,300",3000.0,,,,
2200.0,Van Nuys,Condos,CA,91405,"14130 Sherman Way Van Nuys, CA 91405",https://www.apartments.com/14130-sherman-way-van-nuys-ca/wdegpkj/,2 baths,"1,175 sq ft","1,175",,,,,
2100.0,Duarte,Condos,CA,91010,"868 Cinnamon Ln Duarte, CA 91010",https://www.apartments.com/868-cinnamon-ln-duarte-ca-unit-61/jye2v86/,1 bath,896 sq ft,896,,,,,
1950.0,Montebello,Condos,CA,90640,"244 S 10th St Montebello, CA 90640",https://www.apartments.com/244-s-10th-st-montebello-ca/mpkwbkk/,2 baths,"1,000 sq ft","1,000",,,,,
,Santa Monica,Condos,CA,90405,"2521 34th St Santa Monica, CA 90405",https://www.apartments.com/2521-34th-st-santa-monica-ca/kqzdvj9/,1 bath,600 sq ft,600,,,,1838.0,
,San Diego,Condos,CA,92104,"3796 Alabama St San Diego, CA 92104",https://www.apartments.com/3796-alabama-st-san-diego-ca-unit-a321/pjy9x5r/,1 bath,378 sq ft,378,,,1500.0,,
,Inglewood,Condos,CA,90303,"11702 Crenshaw Blvd Inglewood, CA 90303",https://www.apartments.com/11702-crenshaw-blvd-inglewood-ca/7fbybjw/,1.5 baths,"1,200 sq ft","1,200",3050.0,,,,
4200.0,Los Angeles,Condos,CA,90024,"10535 Wilshire Blvd Los Angeles, CA 90024",https://www.apartments.com/10535-wilshire-blvd-los-angeles-ca-unit-1709/14bbwc6/,2 baths,"1,088 sq ft","1,088",,,,,
,San Diego,Condos,CA,92105,"5222 Maple St San Diego, CA 92105",https://www.apartments.com/5222-maple-st-san-diego-ca-unit-2/z4xkc6y/,1 bath,700 sq ft,700,,,2200.0,,
,Los Angeles,Condos,CA,90027,"5341 Loma Linda Ave Los Angeles, CA 90027",https://www.apartments.com/5341-loma-linda-ave-los-angeles-ca/lkk079g/,1 bath,650 sq ft,650,,,1795.0,,
1799.0,Los Angeles,Condos,CA,90003,"160 W 61st St Los Angeles, CA 90003",https://www.apartments.com/160-w-61st-st-los-angeles-ca/yhqntqv/,1 bath,675 sq ft,675,,,,,
1875.0,Van Nuys,Condos,CA,91405,"7342 Ventura Canyon Ave Van Nuys, CA 91405",https://www.apartments.com/7342-ventura-canyon-ave-van-nuys-ca/466qbbh/,1 bath,675 sq ft,675,,,,,
2050.0,Anaheim,Condos,CA,92805,"602 W Bellevue Dr Anaheim, CA 92805",https://www.apartments.com/602-w-bellevue-dr-anaheim-ca-unit-2/wtns46j/,1 bath,"1,000 sq ft","1,000",,,,,
,Ontario,Condos,CA,91762,"307 West B Street Ontario, CA 91762",https://www.apartments.com/307-west-b-street-ontario-ca/fj753lr/,1 bath,550 sq ft,550,,,1200.0,,
2550.0,Campbell,Condos,CA,95008,"420 Union Ave Campbell, CA 95008",https://www.apartments.com/420-union-ave-campbell-ca/7qeqxdw/,2 baths,968 sq ft,968,,,2300.0,,
1799.0,Los Angeles,Condos,CA,90003,"160 W 61st St Los Angeles, CA 90003",https://www.apartments.com/160-w-61st-st-los-angeles-ca/yhqntqv/,1 bath,675 sq ft,675,,,,,
1875.0,Van Nuys,Condos,CA,91405,"7342 Ventura Canyon Ave Van Nuys, CA 91405",https://www.apartments.com/7342-ventura-canyon-ave-van-nuys-ca/466qbbh/,1 bath,675 sq ft,675,,,,,
2050.0,Anaheim,Condos,CA,92805,"602 W Bellevue Dr Anaheim, CA 92805",https://www.apartments.com/602-w-bellevue-dr-anaheim-ca-unit-2/wtns46j/,1 bath,"1,000 sq ft","1,000",,,,,
,Ontario,Condos,CA,91762,"307 West B Street Ontario, CA 91762",https://www.apartments.com/307-west-b-street-ontario-ca/fj753lr/,1 bath,550 sq ft,550,,,1200.0,,
2550.0,Campbell,Condos,CA,95008,"420 Union Ave Campbell, CA 95008",https://www.apartments.com/420-union-ave-campbell-ca/7qeqxdw/,2 baths,968 sq ft,968,,,2300.0,,
3000.0,San Diego,Condos,CA,92106,"3662 Quimby St San Diego, CA 92106",https://www.apartments.com/3662-quimby-st-san-diego-ca/k14qtk9/,1 bath,750 sq ft,750,,,,,
2100.0,San Jose,Condos,CA,95127,"3843 Madeline Dr San Jose, CA 95127",https://www.apartments.com/3843-madeline-dr-san-jose-ca/bw45n89/,1 bath,800 sq ft,800,,,,,
,San Francisco,Condos,CA,94110,"135 Lexington St San Francisco, CA 94110",https://www.apartments.com/135-lexington-st-san-francisco-ca/rezrqy3/,1 bath,"1,000 sq ft","1,000",3500.0,,,,
1800.0,Los Angeles,Condos,CA,91606,"6661 Rhodes Ave Los Angeles, CA 91606",https://www.apartments.com/6661-rhodes-ave-los-angeles-ca/s9ve5m5/,1 bath,"1,034 sq ft","1,034",,,,,
,Encino,Condos,CA,91316,"5412 Lindley Ave Encino, CA 91316",https://www.apartments.com/5412-lindley-ave-encino-ca-unit-310/hqgv7r1/,3 baths,"1,544 sq ft","1,544",2950.0,,,,
,Santa Monica,Condos,CA,90402,"201 Ocean Ave Santa Monica, CA 90402",https://www.apartments.com/201-ocean-ave-santa-monica-ca-unit-602b/c2f7ljd/,1 bath,510 sq ft,510,,,3750.0,,
,San Jose,Condos,CA,95133,"1055 N Capitol Ave San Jose, CA 95133",https://www.apartments.com/1055-n-capitol-ave-san-jose-ca-unit-71/xcv95qp/,1 bath,652 sq ft,652,,,1995.0,,
,Sacramento,Condos,CA,95819,"533 53rd Street Sacramento, CA 95819",https://www.apartments.com/533-53rd-street-sacramento-ca/s69kvh5/,1.5 baths,843 sq ft,843,,,2950.0,,
,Arcadia,Condos,CA,91007,"628 Fairview Ave Arcadia, CA 91007",https://www.apartments.com/628-fairview-ave-arcadia-ca/pxttjmv/,2 baths,"1,550 sq ft","1,550",3000.0,,,,
2350.0,Riverside,Condos,CA,92506,"6979 Palm Ct Riverside, CA 92506",https://www.apartments.com/6979-palm-ct-riverside-ca-unit-j132/9k8nvy5/,2 baths,"1,200 sq ft","1,200",,,,,
,El Cerrito,Condos,CA,94530,"6027 El Dorado St El Cerrito, CA 94530",https://www.apartments.com/6027-el-dorado-st-el-cerrito-ca/x11kc2n/,1 bath,546 sq ft,546,,,2000.0,,
,Santa Monica,Condos,CA,90403,"933 6th St Santa Monica, CA 90403",https://www.apartments.com/933-6th-st-santa-monica-ca/1hr52s4/,1 bath,415 sq ft,415,,,,1975.0,
4000.0,Santa Monica,Condos,CA,90403,"937 12th St Santa Monica, CA 90403",https://www.apartments.com/937-12th-st-santa-monica-ca-unit-306/rv85xe0/,2 baths,"1,048 sq ft","1,048",,,,,
5000.0,Santa Monica,Condos,CA,90403,"1118 3rd St Santa Monica, CA 90403",https://www.apartments.com/1118-3rd-st-santa-monica-ca-unit-507/453pzgj/,2 baths,"1,501 sq ft","1,501",,,,,
,San Leandro,Condos,CA,94577,"144 Garcia Ave San Leandro, CA 94577",https://www.apartments.com/144-garcia-ave-san-leandro-ca/wh7yr2l/,1 bath,600 sq ft,600,,,1800.0,,
,Tujunga,Condos,CA,91042,"10159 Samoa Ave Tujunga, CA 91042",https://www.apartments.com/10159-samoa-ave-tujunga-ca/yhy8hyv/,1 bath,600 sq ft,600,,,1500.0,,
,Los Angeles,Condos,CA,91342,"13825 Beaver St Los Angeles, CA 91342",https://www.apartments.com/13825-beaver-st-los-angeles-ca-unit-32/d4sbp1h/,2 baths,"1,200 sq ft","1,200",2750.0,,,,
,Los Angeles,Condos,CA,90006,"1033 S Bonnie Brae St Los Angeles, CA 90006",https://www.apartments.com/1033-s-bonnie-brae-st-los-angeles-ca/h4gpst2/,1.5 baths,"1,000 sq ft","1,000",2695.0,,,,
1995.0,Gardena,Condos,CA,90247,"16431 S Saint Andrews Pl Gardena, CA 90247",https://www.apartments.com/16431-s-saint-andrews-pl-gardena-ca/cpx8fxe/,1 bath,700 sq ft,700,,,,,
2350.0,Sacramento,Condos,CA,95814,"508 16th St Sacramento, CA 95814",https://www.apartments.com/508-16th-st-sacramento-ca/92he6r6/,1 bath,"1,250 sq ft","1,250",,,,,
,Ventura,Condos,CA,93001,"362 Chrisman Ave Ventura, CA 93001",https://www.apartments.com/362-chrisman-ave-ventura-ca/hqx5yr1/,2 baths,"2,000 sq ft","2,000",2800.0,,,,
2350.0,Santa Clara,Condos,CA,95050,"1776 Monroe St Santa Clara, CA 95050",https://www.apartments.com/1776-monroe-st-santa-clara-ca/6t6507v/,1 bath,800 sq ft,800,,,,,
,Coronado,Condos,CA,92118,"1830 Avenida Del Mundo Coronado, CA 92118",https://www.apartments.com/1830-avenida-del-mundo-coronado-ca-unit-314/wds8sbk/,1 bath,786 sq ft,786,,,5000.0,,
2450.0,Berkeley,Condos,CA,94702,"1232 Ashby Ave Berkeley, CA 94702",https://www.apartments.com/1232-ashby-ave-berkeley-ca/n9rbetm/,1 bath,800 sq ft,800,,,,,
2650.0,Pasadena,Condos,CA,91103,"157 N Raymond Ave Pasadena, CA 91103",https://www.apartments.com/157-n-raymond-ave-pasadena-ca/3161hzg/,2 baths,"1,000 sq ft","1,000",,,,,
2250.0,Walnut Creek,Condos,CA,94596,"1869 Lacassie Ave Walnut Creek, CA 94596",https://www.apartments.com/1869-lacassie-ave-walnut-creek-ca/cjfjtpg/,1 bath,762 sq ft,762,,,,,
2575.0,Berkeley,Condos,CA,94702,"1379 Harmon St Berkeley, CA 94702",https://www.apartments.com/1379-harmon-st-berkeley-ca/xlh7wym/,1 bath,850 sq ft,850,,,,,
3000.0,Huntington Beach,Condos,CA,92648,"2323 Huntington St Huntington Beach, CA 92648",https://www.apartments.com/2323-huntington-st-huntington-beach-ca-unit-707/1933n66/,1 bath,840 sq ft,840,,,,,
925.0,Barstow,Condos,CA,92311,"275 W Grace St Barstow, CA 92311",https://www.apartments.com/275-w-grace-st-barstow-ca/tz8wshc/,1 bath,850 sq ft,850,,,,,
1975.0,Richmond,Condos,CA,94804,"3411 Wall Ave Richmond, CA 94804",https://www.apartments.com/3411-wall-ave-richmond-ca/j3n8xe4/,1 bath,850 sq ft,850,,,,,
1900.0,Carson,Condos,CA,90745,"23401 Catskill Ave Carson, CA 90745",https://www.apartments.com/23401-catskill-ave-carson-ca/fk6nxrr/,2 baths,900 sq ft,900,,,,,
,San Francisco,Condos,CA,94124,"451 Donahue St San Francisco, CA 94124",https://www.apartments.com/451-donahue-st-san-francisco-ca-unit-308/3ny1tzd/,1 bath,680 sq ft,680,,,2600.0,,
,Burlingame,Condos,CA,94010,"1213 El Camino Real Burlingame, CA 94010",https://www.apartments.com/1213-el-camino-real-burlingame-ca/49xgwwk/,1 bath,800 sq ft,800,,,2500.0,,
,Burlingame,Condos,CA,94010,"1219 El Camino Real Burlingame, CA 94010",https://www.apartments.com/1219-el-camino-real-burlingame-ca/dyfelrh/,1 bath,800 sq ft,800,,,2500.0,,
,Northridge,Condos,CA,91325,"8800 Etiwanda Ave Northridge, CA 91325",https://www.apartments.com/8800-etiwanda-ave-northridge-ca/9bdpe35/,3 baths,"1,470 sq ft","1,470",2950.0,,,,
2595.0,Huntington Beach,Condos,CA,92648,"19172 Shoreline Ln Huntington Beach, CA 92648",https://www.apartments.com/19172-shoreline-ln-huntington-beach-ca-unit-8/6c2vs8v/,1.5 baths,"1,246 sq ft","1,246",,,,,
,Oakland,Condos,CA,94605,"7866 Bancroft Ave Oakland, CA 94605",https://www.apartments.com/7866-bancroft-ave-oakland-ca/dr6swmk/,2.5 baths,"1,750 sq ft","1,750",2850.0,,,,
,San Mateo,Condos,CA,94401,"419 Turner Ter San Mateo, CA 94401",https://www.apartments.com/419-turner-ter-san-mateo-ca/y3f8sgs/,1 bath,800 sq ft,800,,,2300.0,,
4000.0,Irvine,Condos,CA,92612,"9 Madrona Irvine, CA 92612",https://www.apartments.com/9-madrona-irvine-ca-unit-35/1tmfkk5/,2 baths,"1,507 sq ft","1,507",,,,,
,Oceanside,Condos,CA,92054,"560 Greenbrier Dr Oceanside, CA 92054",https://www.apartments.com/560-greenbrier-dr-oceanside-ca/byy49w8/,1.5 baths,"1,840 sq ft","1,840",,,,,4200.0
2200.0,Los Angeles,Condos,CA,90044,"1343 W 97th St Los Angeles, CA 90044",https://www.apartments.com/1343-w-97th-st-los-angeles-ca/yjzdrzt/,1 bath,950 sq ft,950,,,,,
,Redwood City,Condos,CA,94062,"539 Harrison Ave Redwood City, CA 94062",https://www.apartments.com/539-harrison-ave-redwood-city-ca/4skzj3k/,1 bath,500 sq ft,500,,,,1925.0,
,Long Beach,Condos,CA,90813,"800 Pacific Ave Long Beach, CA 90813",https://www.apartments.com/800-pacific-ave-long-beach-ca-unit-411/1ym6124/,1 bath,663 sq ft,663,,,,1545.0,
3975.0,Playa del Rey,Condos,CA,90293,"8701 Delgany Ave Playa del Rey, CA 90293",https://www.apartments.com/8701-delgany-ave-playa-del-rey-ca-unit-308/88qlmf3/,2 baths,"1,325 sq ft","1,325",,,,,
3190.0,San Jose,Condos,CA,95112,"396 S 11th St San Jose, CA 95112",https://www.apartments.com/396-s-11th-st-san-jose-ca-unit-396/dl2cfqk/,2.5 baths,"1,050 sq ft","1,050",,,,,
2200.0,Los Angeles,Condos,CA,90044,"1343 W 97th St Los Angeles, CA 90044",https://www.apartments.com/1343-w-97th-st-los-angeles-ca/yjzdrzt/,1 bath,950 sq ft,950,,,,,
,Redwood City,Condos,CA,94062,"539 Harrison Ave Redwood City, CA 94062",https://www.apartments.com/539-harrison-ave-redwood-city-ca/4skzj3k/,1 bath,500 sq ft,500,,,,1925.0,
,Long Beach,Condos,CA,90813,"800 Pacific Ave Long Beach, CA 90813",https://www.apartments.com/800-pacific-ave-long-beach-ca-unit-411/1ym6124/,1 bath,663 sq ft,663,,,,1545.0,
3975.0,Playa del Rey,Condos,CA,90293,"8701 Delgany Ave Playa del Rey, CA 90293",https://www.apartments.com/8701-delgany-ave-playa-del-rey-ca-unit-308/88qlmf3/,2 baths,"1,325 sq ft","1,325",,,,,
3190.0,San Jose,Condos,CA,95112,"396 S 11th St San Jose, CA 95112",https://www.apartments.com/396-s-11th-st-san-jose-ca-unit-396/dl2cfqk/,2.5 baths,"1,050 sq ft","1,050",,,,,
,Los Angeles,Condos,CA,90026,"1710 Miramar St Los Angeles, CA 90026",https://www.apartments.com/1710-miramar-st-los-angeles-ca/1hlkhd7/,1 bath,"2,100 sq ft","2,100",3650.0,,,,
,San Jose,Condos,CA,95126,"1066 Sherwood Ave San Jose, CA 95126",https://www.apartments.com/1066-sherwood-ave-san-jose-ca/0lq6tw3/,1 bath,660 sq ft,660,,,1700.0,,
,Long Beach,Condos,CA,90805,"320 E South St Long Beach, CA 90805",https://www.apartments.com/320-e-south-st-long-beach-ca/81txh30/,1 bath,340 sq ft,340,,,1450.0,,
,San Jose,Condos,CA,95125,"2488 Almaden Rd San Jose, CA 95125",https://www.apartments.com/2488-almaden-rd-san-jose-ca/169dsp6/,1 bath,500 sq ft,500,,,1700.0,,
,Oakland,Condos,CA,94606,"425 E 11th St Oakland, CA 94606",https://www.apartments.com/425-e-11th-st-oakland-ca-unit-23/d8twntk/,1 bath,850 sq ft,850,,,3750.0,,
,Long Beach,Condos,CA,90806,"3179 Maine Ave Long Beach, CA 90806",https://www.apartments.com/3179-maine-ave-long-beach-ca/blwepqc/,1 bath,400 sq ft,400,,,,1400.0,
,Belmont,Condos,CA,94002,"665 Middle Rd Belmont, CA 94002",https://www.apartments.com/665-middle-rd-belmont-ca/q6k2dfx/,1 bath,700 sq ft,700,,,2075.0,,
3050.0,Los Angeles,Condos,CA,90065,"476 Crane Blvd Los Angeles, CA 90065",https://www.apartments.com/476-crane-blvd-los-angeles-ca/1ptdzz6/,1 bath,650 sq ft,650,,,,,
2900.0,Oakland,Condos,CA,94610,"864 Vermont St Oakland, CA 94610",https://www.apartments.com/864-vermont-st-oakland-ca/7crxwfz/,1 bath,"1,100 sq ft","1,100",,,,,
1895.0,Gardena,Condos,CA,90247,"1642 W 146th St Gardena, CA 90247",https://www.apartments.com/1642-w-146th-st-gardena-ca/np2f2cn/,2 baths,821 sq ft,821,,,,,
,Pacifica,Condos,CA,94044,"1830 Palmetto Ave Pacifica, CA 94044",https://www.apartments.com/1830-palmetto-ave-pacifica-ca/s8rll76/,1 bath,700 sq ft,700,,,1995.0,,
2575.0,Santa Clara,Condos,CA,95050,"2144 Royal Dr Santa Clara, CA 95050",https://www.apartments.com/2144-royal-dr-santa-clara-ca/t9m0rc8/,1 bath,850 sq ft,850,,,2275.0,,
2450.0,Los Angeles,Condos,CA,91604,"10949 Fruitland Dr Los Angeles, CA 91604",https://www.apartments.com/10949-fruitland-dr-los-angeles-ca/z6qd75x/,2.5 baths,"1,325 sq ft","1,325",3605.0,,2000.0,,
3500.0,Goleta,Condos,CA,93117,"408 Ellwood Beach Dr Goleta, CA 93117",https://www.apartments.com/408-ellwood-beach-dr-goleta-ca/6l12dgs/,1 bath,"1,000 sq ft","1,000",,,,,
,Walnut Creek,Condos,CA,94596,"1730 Lacassie Ave Walnut Creek, CA 94596",https://www.apartments.com/1730-lacassie-ave-walnut-creek-ca/k5qz8bb/,1 bath,641 sq ft,641,,,1750.0,,
,Hawthorne,Condos,CA,90250,"4381 W 136th St Hawthorne, CA 90250",https://www.apartments.com/4381-w-136th-st-hawthorne-ca/b95scp9/,1 bath,800 sq ft,800,,,1350.0,,
2900.0,Dublin,Condos,CA,94568,"5501 De Marcus Blvd Dublin, CA 94568",https://www.apartments.com/5501-de-marcus-blvd-dublin-ca-unit-418/523ej0q/,2 baths,"1,088 sq ft","1,088",,,,,
1950.0,West Sacramento,Condos,CA,95605,"328 3rd St West Sacramento, CA 95605",https://www.apartments.com/328-3rd-st-west-sacramento-ca/8hn4wv2/,1 bath,950 sq ft,950,,,,,
,San Francisco,Condos,CA,94131,"69 Whitney Street San Francisco, CA 94131",https://www.apartments.com/69-whitney-street-san-francisco-ca/gecr6dx/,1 bath,630 sq ft,630,,,2580.0,,
,Palm Desert,Condos,CA,92260,"120 Presidio Pl Palm Desert, CA 92260",https://www.apartments.com/120-presidio-pl-palm-desert-ca-unit-na/g2ncr9z/,3 baths,"2,051 sq ft","2,051",3300.0,,,,
8000.0,Calabasas,Condos,CA,91302,"23500 Park Sorrento Calabasas, CA 91302",https://www.apartments.com/23500-park-sorrento-calabasas-ca-unit-d32/9k7w577/,2.5 baths,"2,120 sq ft","2,120",,,,,
,Pacifica,Condos,CA,94044,"508 Monterey Rd Pacifica, CA 94044",https://www.apartments.com/508-monterey-rd-pacifica-ca-unit-e/w1yx7xl/,2 baths,"1,250 sq ft","1,250",4000.0,,,,
,Santa Ana,Condos,CA,92707,"1000 W MacArthur Blvd Santa Ana, CA 92707",https://www.apartments.com/1000-w-macarthur-blvd-santa-ana-ca-unit-8/rskxkb2/,1 bath,700 sq ft,700,,,1850.0,,
,Monterey,Condos,CA,93940,"803 Hawthorne St Monterey, CA 93940",https://www.apartments.com/803-hawthorne-st-monterey-ca/mgbmhpl/,1 bath,800 sq ft,800,,,2075.0,,
,Los Angeles,Condos,CA,90017,"630 W 6th St Los Angeles, CA 90017",https://www.apartments.com/630-w-6th-st-los-angeles-ca-unit-613/c3gg5tg/,1 bath,530 sq ft,530,,,2000.0,,
3400.0,San Diego,Condos,CA,92127,"16912 Laurel Hill Ln San Diego, CA 92127",https://www.apartments.com/16912-laurel-hill-ln-san-diego-ca-unit-114/h8ndt33/,2.5 baths,"1,445 sq ft","1,445",,,,,
2300.0,Moraga,Condos,CA,94556,"640 Moraga Rd Moraga, CA 94556",https://www.apartments.com/640-moraga-rd-moraga-ca/8bn7js2/,1 bath,"1,000 sq ft","1,000",,,,,
,Los Angeles,Condos,CA,90061,"208 W 110th St Los Angeles, CA 90061",https://www.apartments.com/208-w-110th-st-los-angeles-ca/bvr0hv8/,1 bath,"1,294 sq ft","1,294",,,1600.0,,
1925.0,Grover Beach,Condos,CA,93433,"245 N Oak Park Blvd Grover Beach, CA 93433",https://www.apartments.com/245-n-oak-park-blvd-grover-beach-ca/zz1fnfz/,1 bath,900 sq ft,900,,,,,
,San Diego,Condos,CA,92037,"7411 Herschel Ave San Diego, CA 92037",https://www.apartments.com/7411-herschel-ave-san-diego-ca-unit-1c/w1mv7yh/,1 bath,728 sq ft,728,,,2900.0,,
,Los Angeles,Condos,CA,91307,"22536 Cantlay St Los Angeles, CA 91307",https://www.apartments.com/22536-cantlay-st-los-angeles-ca/cf9l1ye/,1 bath,750 sq ft,750,,,2200.0,,
2400.0,Mission Viejo,Condos,CA,92692,"25789 Marguerite Pkwy Mission Viejo, CA 92692",https://www.apartments.com/25789-marguerite-pkwy-mission-viejo-ca/c9c81yd/,2 baths,"1,040 sq ft","1,040",,,,,
,Los Angeles,Condos,CA,90048,"6151 Orange St Los Angeles, CA 90048",https://www.apartments.com/6151-orange-st-los-angeles-ca-unit-113/pmnqvwv/,1 bath,780 sq ft,780,,,2065.0,,
2675.0,Costa Mesa,Condos,CA,92626,"1255 Baker St Costa Mesa, CA 92626",https://www.apartments.com/1255-baker-st-costa-mesa-ca/7v5d1xx/,2 baths,"1,100 sq ft","1,100",,,,,
3798.0,Oakland,Condos,CA,94618,"200 Caldecott Ln Oakland, CA 94618",https://www.apartments.com/200-caldecott-ln-oakland-ca-unit-219/6j06mjv/,2 baths,"1,058 sq ft","1,058",,,,,
3200.0,San Jose,Condos,CA,95134,"760 Overture Ct San Jose, CA 95134",https://www.apartments.com/760-overture-ct-san-jose-ca-unit-0/wgcvz1k/,2 baths,925 sq ft,925,,,,,
2690.0,San Jose,Condos,CA,95129,"7100 Rainbow Dr San Jose, CA 95129",https://www.apartments.com/7100-rainbow-dr-san-jose-ca/15fxnh4/,1 bath,968 sq ft,968,,,,,
,Los Angeles,Condos,CA,90024,"10982 Roebling Ave Los Angeles, CA 90024",https://www.apartments.com/10982-roebling-ave-los-angeles-ca-unit-318/erxj1wm/,1 bath,663 sq ft,663,,,2399.0,,
,Los Angeles,Condos,CA,90020,"501 S Oxford Ave Los Angeles, CA 90020",https://www.apartments.com/501-s-oxford-ave-los-angeles-ca/7f7swnx/,1 bath,650 sq ft,650,,,1600.0,,
,Granada Hills,Condos,CA,91344,"12362 Jolette Ave Granada Hills, CA 91344",https://www.apartments.com/12362-jolette-ave-granada-hills-ca/95fgsz5/,1 bath,425 sq ft,425,,,1450.0,,
3500.0,Newport Beach,Condos,CA,92663,"206 30th St Newport Beach, CA 92663",https://www.apartments.com/206-30th-st-newport-beach-ca-unit-206/ssbqwl5/,2 baths,900 sq ft,900,,,,,
,San Francisco,Condos,CA,94114,"157 Crown Ter San Francisco, CA 94114",https://www.apartments.com/157-crown-ter-san-francisco-ca/360sm5e/,1 bath,"1,250 sq ft","1,250",,,2995.0,,
,Glendale,Condos,CA,91202,"824 W Glenoaks Blvd Glendale, CA 91202",https://www.apartments.com/824-w-glenoaks-blvd-glendale-ca/rmh6792/,1 bath,750 sq ft,750,,,2425.0,,
2300.0,San Jose,Condos,CA,95118,"5664 Hoffman Ct San Jose, CA 95118",https://www.apartments.com/5664-hoffman-ct-san-jose-ca/196wek6/,1 bath,800 sq ft,800,,,,,
,Hesperia,Condos,CA,92345,"11938 1st Ave Hesperia, CA 92345",https://www.apartments.com/11938-1st-ave-hesperia-ca/hvdpzp1/,1 bath,575 sq ft,575,,,1199.0,,
,Livermore,Condos,CA,94550,"3882 Yale Way Livermore, CA 94550",https://www.apartments.com/3882-yale-way-livermore-ca/4bqbn8h/,2 baths,"1,800 sq ft","1,800",3500.0,,,,
2500.0,Los Angeles,Condos,CA,90047,"6906 S Van Ness Ave Los Angeles, CA 90047",https://www.apartments.com/6906-s-van-ness-ave-los-angeles-ca/2rzbdl8/,1 bath,800 sq ft,800,,,,,
,San Mateo,Condos,CA,94401,"1501 E 3rd Ave San Mateo, CA 94401",https://www.apartments.com/1501-e-3rd-ave-san-mateo-ca/05624g3/,1 bath,750 sq ft,750,,,2100.0,,
2299.0,Santa Ana,Condos,CA,92703,"3530 W 11th St Santa Ana, CA 92703",https://www.apartments.com/3530-w-11th-st-santa-ana-ca/ql1sz7z/,1 bath,724 sq ft,724,,,,,
,Alhambra,Condos,CA,91801,"22 N El Molino St Alhambra, CA 91801",https://www.apartments.com/22-n-el-molino-st-alhambra-ca/pe4cydr/,2.5 baths,"1,500 sq ft","1,500",2460.0,,,,
,Fontana,Condos,CA,92336,"6029 Lily Rock Dr Fontana, CA 92336",https://www.apartments.com/6029-lily-rock-dr-fontana-ca/z2trj4w/,1 bath,600 sq ft,600,,,2200.0,,
3100.0,San Diego,Condos,CA,92103,"3939 Eagle St San Diego, CA 92103",https://www.apartments.com/3939-eagle-st-san-diego-ca-unit-206/2qt8fvb/,2.5 baths,"1,265 sq ft","1,265",,,,,
3000.0,San Diego,Condos,CA,92101,"1150 J St San Diego, CA 92101",https://www.apartments.com/1150-j-st-san-diego-ca/9jpw9n6/,2 baths,"1,118 sq ft","1,118",,,,,
,Agua Dulce,Condos,CA,91390,"33233 Canyon Quail Trl Agua Dulce, CA 91390",https://www.apartments.com/33233-canyon-quail-trl-agua-dulce-ca/dtl0bel/,1 bath,400 sq ft,400,,,,1295.0,
,San Francisco,Condos,CA,94115,"327 Presidio Ave San Francisco, CA 94115",https://www.apartments.com/327-presidio-ave-san-francisco-ca/hk11881/,1 bath,750 sq ft,750,,,2900.0,,
,Los Angeles,Condos,CA,90047,"6234 S Van Ness Ave Los Angeles, CA 90047",https://www.apartments.com/6234-s-van-ness-ave-los-angeles-ca/e8gnvyq/,1 bath,900 sq ft,900,,,1500.0,,
,San Ramon,Condos,CA,94583,"210 Reflections Dr San Ramon, CA 94583",https://www.apartments.com/210-reflections-dr-san-ramon-ca-unit-26/7wxt6bw/,1 bath,624 sq ft,624,,,2100.0,,
2150.0,Glendale,Condos,CA,91206,"539 N Louise St Glendale, CA 91206",https://www.apartments.com/539-n-louise-st-glendale-ca/npn6zyp/,2 baths,"1,050 sq ft","1,050",,,,,
2300.0,Pasadena,Condos,CA,91104,"1315 N Mar Vista Ave Pasadena, CA 91104",https://www.apartments.com/1315-n-mar-vista-ave-pasadena-ca/ddzdv7l/,1.5 baths,"1,000 sq ft","1,000",,,,,
2750.0,Los Angeles,Condos,CA,90066,"12735 Venice Blvd Los Angeles, CA 90066",https://www.apartments.com/12735-venice-blvd-los-angeles-ca/9yf7hh6/,2 baths,650 sq ft,650,,,,,
,San Francisco,Condos,CA,94116,"2409 17th Ave San Francisco, CA 94116",https://www.apartments.com/2409-17th-ave-san-francisco-ca-unit-2409/jtmqn25/,4 baths,"2,000 sq ft","2,000",,,,,6000.0
,Santa Monica,Condos,CA,90403,"521 Montana Ave Santa Monica, CA 90403",https://www.apartments.com/521-montana-ave-santa-monica-ca-unit-205/v857bge/,1 bath,930 sq ft,930,,,3500.0,,
2500.0,San Jose,Condos,CA,95130,"4162 Hamilton Ave San Jose, CA 95130",https://www.apartments.com/4162-hamilton-ave-san-jose-ca/z4jhsvy/,1 bath,"1,100 sq ft","1,100",,,,,
1900.0,Pasadena,Condos,CA,91107,"1015 N Michillinda Ave Pasadena, CA 91107",https://www.apartments.com/1015-n-michillinda-ave-pasadena-ca-unit-210/18d6g74/,1 bath,850 sq ft,850,,,,,
,Los Angeles,Condos,CA,90006,"2715 San Marino St Los Angeles, CA 90006",https://www.apartments.com/2715-san-marino-st-los-angeles-ca/mxvzwwl/,1 bath,450 sq ft,450,,,1395.0,,
,Los Angeles,Condos,CA,90019,"1437 Dunsmuir S Ave Los Angeles, CA 90019",https://www.apartments.com/1437-dunsmuir-s-ave-los-angeles-ca/l0bfg7e/,1 bath,840 sq ft,840,,,2100.0,,
,Encinitas,Condos,CA,92024,"305 Harrisburg Dr Encinitas, CA 92024",https://www.apartments.com/305-harrisburg-dr-encinitas-ca-unit-305/0x1qld0/,2 baths,"1,056 sq ft","1,056",3000.0,,,,
,Venice,Condos,CA,90291,"20 29th Ave Venice, CA 90291",https://www.apartments.com/20-29th-ave-venice-ca/hcrykn0/,1 bath,800 sq ft,800,,,2795.0,,
,Los Angeles,Condos,CA,91335,"19350 Sherman Way Los Angeles, CA 91335",https://www.apartments.com/19350-sherman-way-los-angeles-ca-unit-315/bdgyjk8/,1 bath,619 sq ft,619,,,1675.0,,
,Carlsbad,Condos,CA,92009,"7497 Paseo Cristal Carlsbad, CA 92009",https://www.apartments.com/7497-paseo-cristal-carlsbad-ca/prcfs3r/,1 bath,700 sq ft,700,,,2500.0,,
2695.0,Sunnyvale,Condos,CA,94087,"1741 Noranda Drive Sunnyvale, CA 94087",https://www.apartments.com/1741-noranda-drive-sunnyvale-ca/6fh9jcv/,1.5 baths,980 sq ft,980,,,,,
,Lemon Grove,Condos,CA,91945,"7309 Central Ave Lemon Grove, CA 91945",https://www.apartments.com/7309-central-ave-lemon-grove-ca-unit-e/9l8skt7/,2 baths,"1,200 sq ft","1,200",2600.0,,,,
2195.0,San Diego,Condos,CA,92120,"6811 Alvarado Rd San Diego, CA 92120",https://www.apartments.com/6811-alvarado-rd-san-diego-ca-unit-19/w2bgyqj/,2 baths,"1,100 sq ft","1,100",,,,,
2550.0,San Marcos,Condos,CA,92078,"1138 Elfin Forest Rd W San Marcos, CA 92078",https://www.apartments.com/1138-elfin-forest-rd-w-san-marcos-ca-unit-na/k1xq5p8/,2.5 baths,"1,258 sq ft","1,258",,,,,
2600.0,Santa Clarita,Condos,CA,91355,"23621 Del Monte Dr Santa Clarita, CA 91355",https://www.apartments.com/23621-del-monte-dr-santa-clarita-ca-unit-327/n0n0lfm/,2 baths,910 sq ft,910,,,,,
,Garden Grove,Condos,CA,92840,"12848 Palm St Garden Grove, CA 92840",https://www.apartments.com/12848-palm-st-garden-grove-ca-unit-4/3mtzbsd/,3 baths,"1,498 sq ft","1,498",5900.0,,,,
2100.0,Glendale,Condos,CA,91205,"1012 S Adams St Glendale, CA 91205",https://www.apartments.com/1012-s-adams-st-glendale-ca/h85w0b3/,2 baths,"1,000 sq ft","1,000",,,,,
1635.0,Modesto,Condos,CA,95356,"2205 Piedmont Dr Modesto, CA 95356",https://www.apartments.com/2205-piedmont-dr-modesto-ca/pcjel6t/,2 baths,"1,000 sq ft","1,000",,,,,
4125.0,San Francisco,Condos,CA,94110,"844 Dolores St San Francisco, CA 94110",https://www.apartments.com/844-dolores-st-san-francisco-ca/pc0mj4s/,1 bath,"1,200 sq ft","1,200",,,,,
2000.0,Los Alamitos,Condos,CA,90720,"4001 Green Ave Los Alamitos, CA 90720",https://www.apartments.com/4001-green-ave-los-alamitos-ca/8brz552/,2 baths,900 sq ft,900,,,,,
2600.0,Oakland,Condos,CA,94610,"430 Merritt Ave Oakland, CA 94610",https://www.apartments.com/430-merritt-ave-oakland-ca/3edqygg/,2 baths,"1,000 sq ft","1,000",,,,,
,Hayward,Condos,CA,94544,"29630 Mountain Oak Ct Hayward, CA 94544",https://www.apartments.com/29630-mountain-oak-ct-hayward-ca-unit-58/yhjd5ls/,1 bath,540 sq ft,540,,,2100.0,,
2600.0,Canoga Park,Condos,CA,91303,"7310 Eton Ave Canoga Park, CA 91303",https://www.apartments.com/7310-eton-ave-canoga-park-ca/yn5d0ct/,2 baths,"1,112 sq ft","1,112",3100.0,,,,
2330.0,Oakland,Condos,CA,94621,"5804 E 16th St Oakland, CA 94621",https://www.apartments.com/5804-e-16th-st-oakland-ca/0wz7pj3/,1 bath,814 sq ft,814,,,,,
2078.0,Mission Hills,Condos,CA,91345,"10023 Sepulveda Blvd Mission Hills, CA 91345",https://www.apartments.com/10023-sepulveda-blvd-mission-hills-ca/rxpkyn3/,1.5 baths,800 sq ft,800,,,,,
1800.0,North Hollywood,Condos,CA,91606,"6314 Vineland Ave North Hollywood, CA 91606",https://www.apartments.com/6314-vineland-ave-north-hollywood-ca/bxs4r2c/,1 bath,"1,000 sq ft","1,000",,,,,
,San Francisco,Condos,CA,94112,"505 Faxon Ave San Francisco, CA 94112",https://www.apartments.com/505-faxon-ave-san-francisco-ca/trmctc9/,1 bath,800 sq ft,800,,,2700.0,,
,Long Beach,Condos,CA,90803,"228 Newport Ave Long Beach, CA 90803",https://www.apartments.com/228-newport-ave-long-beach-ca/ytsrcft/,2 baths,"1,000 sq ft","1,000",3195.0,,,,
6000.0,Laguna Beach,Condos,CA,92651,"280 Cliff Dr Laguna Beach, CA 92651",https://www.apartments.com/280-cliff-dr-laguna-beach-ca-unit-4/3xr0qdd/,2 baths,"1,220 sq ft","1,220",,,,,
2525.0,Fremont,Condos,CA,94536,"3409 Foxtail Ter Fremont, CA 94536",https://www.apartments.com/3409-foxtail-ter-fremont-ca-unit-3409/h6qby51/,2 baths,900 sq ft,900,,,,,
2300.0,Lafayette,Condos,CA,94549,"3433 Golden Gate Way Lafayette, CA 94549",https://www.apartments.com/3433-golden-gate-way-lafayette-ca/evzhkdp/,1 bath,860 sq ft,860,,,,,
2600.0,Oakland,Condos,CA,94611,"4466 View Pl Oakland, CA 94611",https://www.apartments.com/4466-view-pl-oakland-ca/pj5dz7t/,1 bath,"1,050 sq ft","1,050",,,,,
,Sausalito,Condos,CA,94965,"236 Donahue St Sausalito, CA 94965",https://www.apartments.com/236-donahue-st-sausalito-ca/s0kdkn6/,2.5 baths,"1,650 sq ft","1,650",4500.0,,,,
,Burlingame,Condos,CA,94010,"500 Almer Rd Burlingame, CA 94010",https://www.apartments.com/500-almer-rd-burlingame-ca-unit-301/cqrjs0d/,2 baths,"1,500 sq ft","1,500",4477.0,,,,
15000.0,San Diego,Condos,CA,92109,"4627 Ocean Blvd San Diego, CA 92109",https://www.apartments.com/4627-ocean-blvd-san-diego-ca/3z8767d/,2 baths,989 sq ft,989,,,7990.0,,
,El Cajon,Condos,CA,92021,"1242 Persimmon Ave El Cajon, CA 92021",https://www.apartments.com/1242-persimmon-ave-el-cajon-ca/4eseszj/,3 baths,"1,765 sq ft","1,765",,3000.0,,,
2795.0,Oakland,Condos,CA,94601,"2253 38th Ave Oakland, CA 94601",https://www.apartments.com/2253-38th-ave-oakland-ca-unit-2/vm6by4f/,1 bath,850 sq ft,850,,,,,
1945.0,Paramount,Condos,CA,90723,"15116 Orange Ave Paramount, CA 90723",https://www.apartments.com/15116-orange-ave-paramount-ca/h4qm223/,1.5 baths,"1,000 sq ft","1,000",,,,,
,Woodland Hills,Condos,CA,91367,"22100 Burbank Blvd Woodland Hills, CA 91367",https://www.apartments.com/22100-burbank-blvd-woodland-hills-ca-unit-124c/vw103bf/,1 bath,600 sq ft,600,,,1750.0,,
2875.0,San Jose,Condos,CA,95121,"3263 Shadow Park Plz San Jose, CA 95121",https://www.apartments.com/3263-shadow-park-plz-san-jose-ca-unit-3263/3bv70lf/,2 baths,"1,143 sq ft","1,143",,,,,
,Oakland,Condos,CA,94606,"1618 6th Ave Oakland, CA 94606",https://www.apartments.com/1618-6th-ave-oakland-ca/19x95f7/,1 bath,700 sq ft,700,,,1950.0,,
2200.0,Cupertino,Condos,CA,95014,"972 Westlynn Way Cupertino, CA 95014",https://www.apartments.com/972-westlynn-way-cupertino-ca/ft9k1qt/,1 bath,800 sq ft,800,,,,,
2300.0,Concord,Condos,CA,94520,"1591 Ellis St Concord, CA 94520",https://www.apartments.com/1591-ellis-st-concord-ca-unit-213/v7hxssd/,2 baths,963 sq ft,963,,,,,
1800.0,Los Angeles,Condos,CA,90039,"3026 Casitas Ave Los Angeles, CA 90039",https://www.apartments.com/3026-casitas-ave-los-angeles-ca/sh04m57/,1 bath,"1,200 sq ft","1,200",,,,,
,Los Angeles,Condos,CA,90025,"2115 Selby Ave Los Angeles, CA 90025",https://www.apartments.com/2115-selby-ave-los-angeles-ca/e3j4kfn/,1 bath,400 sq ft,400,,,2100.0,,
,Los Angeles,Condos,CA,90037,"1162 Rolland Curtis Pl Los Angeles, CA 90037",https://www.apartments.com/1162-rolland-curtis-pl-los-angeles-ca/vv1wv6e/,1.5 baths,"1,051 sq ft","1,051",2850.0,,,,
,Los Angeles,Condos,CA,91335,"7343 Reseda Blvd Los Angeles, CA 91335",https://www.apartments.com/7343-reseda-blvd-los-angeles-ca/7n8n8qz/,2 baths,"1,100 sq ft","1,100",2400.0,,,,
,Oceanside,Condos,CA,92054,"607 N Horne St Oceanside, CA 92054",https://www.apartments.com/607-n-horne-st-oceanside-ca/e1ktvpn/,1 bath,480 sq ft,480,,,2250.0,,
,Tiburon,Condos,CA,94920,"45 Harbor Oak Dr Tiburon, CA 94920",https://www.apartments.com/45-harbor-oak-dr-tiburon-ca-unit-14/m8spmwh/,1 bath,720 sq ft,720,,,4500.0,,
,Los Angeles,Condos,CA,90710,"1414 260th St Los Angeles, CA 90710",https://www.apartments.com/1414-260th-st-los-angeles-ca-unit-14/pzx0xzs/,1 bath,700 sq ft,700,,,1995.0,,
1950.0,Glendale,Condos,CA,91201,"1147 Irving Ave Glendale, CA 91201",https://www.apartments.com/1147-irving-ave-glendale-ca/69pwn1r/,1.5 baths,100 sq ft,100,,,,,
2200.0,Union City,Condos,CA,94587,"34749 Alvarado Niles Rd Union City, CA 94587",https://www.apartments.com/34749-alvarado-niles-rd-union-city-ca-unit-4/nvfjc3q/,1 bath,900 sq ft,900,,,,,
1750.0,Compton,Condos,CA,90220,"712 S Acacia Ave Compton, CA 90220",https://www.apartments.com/712-s-acacia-ave-compton-ca/w2rvg2k/,1 bath,800 sq ft,800,,,,,
,Santa Monica,Condos,CA,90404,"1341 Berkeley St Santa Monica, CA 90404",https://www.apartments.com/1341-berkeley-st-santa-monica-ca/gvtb9kz/,2 baths,"1,400 sq ft","1,400",4000.0,,,,
2250.0,Los Angeles,Condos,CA,90025,"1944 Holmby Ave Los Angeles, CA 90025",https://www.apartments.com/1944-holmby-ave-los-angeles-ca/d917mmj/,2 baths,"1,050 sq ft","1,050",,,,,
4200.0,Beverly Hills,Condos,CA,90211,"8731 Clifton Way Beverly Hills, CA 90211",https://www.apartments.com/8731-clifton-way-beverly-hills-ca/7fw6lrx/,2 baths,"1,800 sq ft","1,800",,,,,
2150.0,Glendale,Condos,CA,91202,"1331 N Brand Blvd Glendale, CA 91202",https://www.apartments.com/1331-n-brand-blvd-glendale-ca/fjqtt8s/,1 bath,900 sq ft,900,,,,,
,Lawndale,Condos,CA,90260,"4559 W 159th St Lawndale, CA 90260",https://www.apartments.com/4559-w-159th-st-lawndale-ca/d01fdnk/,1 bath,600 sq ft,600,,,1950.0,,
2900.0,Sunnyvale,Condos,CA,94085,"612 Arcadia Ter Sunnyvale, CA 94085",https://www.apartments.com/612-arcadia-ter-sunnyvale-ca-unit-101/3369hsg/,2 baths,"1,174 sq ft","1,174",,,,,
2300.0,San Leandro,Condos,CA,94577,"236 Haas Ave San Leandro, CA 94577",https://www.apartments.com/236-haas-ave-san-leandro-ca/5xn8khq/,1 bath,900 sq ft,900,,,,,
